"LOCATION","INDICATOR","SUBJECT","MEASURE","FREQUENCY","TIME","Value","Flag Codes"
"AUS","PHARMAEXP","TOT","USD_CAP","A","1971",33.979,
"AUS","PHARMAEXP","TOT","USD_CAP","A","1972",34.174,
"AUS","PHARMAEXP","TOT","USD_CAP","A","1973",37.944,
"AUS","PHARMAEXP","TOT","USD_CAP","A","1974",45.324,
"AUS","PHARMAEXP","TOT","USD_CAP","A","1975",44.349,
"AUS","PHARMAEXP","TOT","USD_CAP","A","1976",44.327,
"AUS","PHARMAEXP","TOT","USD_CAP","A","1977",45.394,
"AUS","PHARMAEXP","TOT","USD_CAP","A","1978",48.112,
"AUS","PHARMAEXP","TOT","USD_CAP","A","1979",47.293,
"AUS","PHARMAEXP","TOT","USD_CAP","A","1980",54.859,
"AUS","PHARMAEXP","TOT","USD_CAP","A","1981",62.711,
"AUS","PHARMAEXP","TOT","USD_CAP","A","1982",65.226,
"AUS","PHARMAEXP","TOT","USD_CAP","A","1983",72.607,
"AUS","PHARMAEXP","TOT","USD_CAP","A","1984",76.062,
"AUS","PHARMAEXP","TOT","USD_CAP","A","1985",81.76,
"AUS","PHARMAEXP","TOT","USD_CAP","A","1986",86.519,
"AUS","PHARMAEXP","TOT","USD_CAP","A","1987",90.879,
"AUS","PHARMAEXP","TOT","USD_CAP","A","1988",100.94,
"AUS","PHARMAEXP","TOT","USD_CAP","A","1989",111.891,
"AUS","PHARMAEXP","TOT","USD_CAP","A","1990",122.119,
"AUS","PHARMAEXP","TOT","USD_CAP","A","1991",134.956,
"AUS","PHARMAEXP","TOT","USD_CAP","A","1992",148.881,
"AUS","PHARMAEXP","TOT","USD_CAP","A","1993",164.421,
"AUS","PHARMAEXP","TOT","USD_CAP","A","1994",181.886,
"AUS","PHARMAEXP","TOT","USD_CAP","A","1995",196.145,
"AUS","PHARMAEXP","TOT","USD_CAP","A","1996",215.264,
"AUS","PHARMAEXP","TOT","USD_CAP","A","1997",232.098,
"AUS","PHARMAEXP","TOT","USD_CAP","A","1998",258.961,
"AUS","PHARMAEXP","TOT","USD_CAP","A","1999",287.245,
"AUS","PHARMAEXP","TOT","USD_CAP","A","2000",338.157,
"AUS","PHARMAEXP","TOT","USD_CAP","A","2001",367.634,
"AUS","PHARMAEXP","TOT","USD_CAP","A","2002",381.433,
"AUS","PHARMAEXP","TOT","USD_CAP","A","2003",406.194,
"AUS","PHARMAEXP","TOT","USD_CAP","A","2004",440.982,
"AUS","PHARMAEXP","TOT","USD_CAP","A","2005",437.125,
"AUS","PHARMAEXP","TOT","USD_CAP","A","2006",457.494,
"AUS","PHARMAEXP","TOT","USD_CAP","A","2007",486.056,
"AUS","PHARMAEXP","TOT","USD_CAP","A","2008",516.333,
"AUS","PHARMAEXP","TOT","USD_CAP","A","2009",531.598,
"AUS","PHARMAEXP","TOT","USD_CAP","A","2010",561.931,
"AUS","PHARMAEXP","TOT","USD_CAP","A","2011",583.222,
"AUS","PHARMAEXP","TOT","USD_CAP","A","2012",589.993,
"AUS","PHARMAEXP","TOT","USD_CAP","A","2013",613.247,
"AUS","PHARMAEXP","TOT","USD_CAP","A","2014",602.887,
"AUS","PHARMAEXP","TOT","USD_CAP","A","2015",635.424,
"AUS","PHARMAEXP","TOT","USD_CAP","A","2016",697.482,
"AUS","PHARMAEXP","TOT","USD_CAP","A","2017",665.057,
"AUS","PHARMAEXP","TOT","USD_CAP","A","2018",663.383,
"AUT","PHARMAEXP","TOT","USD_CAP","A","1990",149.94,"B"
"AUT","PHARMAEXP","TOT","USD_CAP","A","1991",158.361,
"AUT","PHARMAEXP","TOT","USD_CAP","A","1992",168.537,
"AUT","PHARMAEXP","TOT","USD_CAP","A","1993",180.025,
"AUT","PHARMAEXP","TOT","USD_CAP","A","1994",190.485,
"AUT","PHARMAEXP","TOT","USD_CAP","A","1995",198.766,
"AUT","PHARMAEXP","TOT","USD_CAP","A","1996",212.355,
"AUT","PHARMAEXP","TOT","USD_CAP","A","1997",253.735,
"AUT","PHARMAEXP","TOT","USD_CAP","A","1998",287.405,
"AUT","PHARMAEXP","TOT","USD_CAP","A","1999",322.49,
"AUT","PHARMAEXP","TOT","USD_CAP","A","2000",356.9,
"AUT","PHARMAEXP","TOT","USD_CAP","A","2001",368.594,
"AUT","PHARMAEXP","TOT","USD_CAP","A","2002",407.91,
"AUT","PHARMAEXP","TOT","USD_CAP","A","2003",435.046,
"AUT","PHARMAEXP","TOT","USD_CAP","A","2004",453.871,"B"
"AUT","PHARMAEXP","TOT","USD_CAP","A","2005",460.159,
"AUT","PHARMAEXP","TOT","USD_CAP","A","2006",482.018,
"AUT","PHARMAEXP","TOT","USD_CAP","A","2007",511.609,
"AUT","PHARMAEXP","TOT","USD_CAP","A","2008",538.526,
"AUT","PHARMAEXP","TOT","USD_CAP","A","2009",506.838,
"AUT","PHARMAEXP","TOT","USD_CAP","A","2010",520.701,
"AUT","PHARMAEXP","TOT","USD_CAP","A","2011",534.067,
"AUT","PHARMAEXP","TOT","USD_CAP","A","2012",553.478,
"AUT","PHARMAEXP","TOT","USD_CAP","A","2013",566.622,
"AUT","PHARMAEXP","TOT","USD_CAP","A","2014",589.98,
"AUT","PHARMAEXP","TOT","USD_CAP","A","2015",607.648,
"AUT","PHARMAEXP","TOT","USD_CAP","A","2016",621.653,
"AUT","PHARMAEXP","TOT","USD_CAP","A","2017",642.377,
"AUT","PHARMAEXP","TOT","USD_CAP","A","2018",661.303,
"AUT","PHARMAEXP","TOT","USD_CAP","A","2019",676.16,
"BEL","PHARMAEXP","TOT","USD_CAP","A","1970",41.988,
"BEL","PHARMAEXP","TOT","USD_CAP","A","1971",46.557,
"BEL","PHARMAEXP","TOT","USD_CAP","A","1972",51.398,
"BEL","PHARMAEXP","TOT","USD_CAP","A","1973",61.736,
"BEL","PHARMAEXP","TOT","USD_CAP","A","1974",68.826,
"BEL","PHARMAEXP","TOT","USD_CAP","A","1975",73.284,
"BEL","PHARMAEXP","TOT","USD_CAP","A","1976",72.523,
"BEL","PHARMAEXP","TOT","USD_CAP","A","1977",81.528,
"BEL","PHARMAEXP","TOT","USD_CAP","A","1978",89.296,
"BEL","PHARMAEXP","TOT","USD_CAP","A","1979",97.729,
"BEL","PHARMAEXP","TOT","USD_CAP","A","1980",102.775,
"BEL","PHARMAEXP","TOT","USD_CAP","A","1981",107.153,
"BEL","PHARMAEXP","TOT","USD_CAP","A","1982",114.06,
"BEL","PHARMAEXP","TOT","USD_CAP","A","1983",122.413,
"BEL","PHARMAEXP","TOT","USD_CAP","A","1984",121.585,
"BEL","PHARMAEXP","TOT","USD_CAP","A","1985",135.601,
"BEL","PHARMAEXP","TOT","USD_CAP","A","1986",148.198,
"BEL","PHARMAEXP","TOT","USD_CAP","A","1987",160.832,
"BEL","PHARMAEXP","TOT","USD_CAP","A","1988",182.945,
"BEL","PHARMAEXP","TOT","USD_CAP","A","1989",195.083,
"BEL","PHARMAEXP","TOT","USD_CAP","A","1990",201.759,
"BEL","PHARMAEXP","TOT","USD_CAP","A","1991",221.307,
"BEL","PHARMAEXP","TOT","USD_CAP","A","1992",248.042,
"BEL","PHARMAEXP","TOT","USD_CAP","A","1993",275.875,
"BEL","PHARMAEXP","TOT","USD_CAP","A","1994",282.719,
"BEL","PHARMAEXP","TOT","USD_CAP","A","1995",301.425,
"BEL","PHARMAEXP","TOT","USD_CAP","A","1996",302.375,
"BEL","PHARMAEXP","TOT","USD_CAP","A","1997",317.226,
"BEL","PHARMAEXP","TOT","USD_CAP","A","2003",504.878,"B"
"BEL","PHARMAEXP","TOT","USD_CAP","A","2004",527.933,
"BEL","PHARMAEXP","TOT","USD_CAP","A","2005",526.386,
"BEL","PHARMAEXP","TOT","USD_CAP","A","2006",524.481,
"BEL","PHARMAEXP","TOT","USD_CAP","A","2007",549.278,
"BEL","PHARMAEXP","TOT","USD_CAP","A","2008",526.619,
"BEL","PHARMAEXP","TOT","USD_CAP","A","2009",527.192,
"BEL","PHARMAEXP","TOT","USD_CAP","A","2010",541.257,
"BEL","PHARMAEXP","TOT","USD_CAP","A","2011",551.651,
"BEL","PHARMAEXP","TOT","USD_CAP","A","2012",541.618,
"BEL","PHARMAEXP","TOT","USD_CAP","A","2013",556.831,
"BEL","PHARMAEXP","TOT","USD_CAP","A","2014",561.64,
"BEL","PHARMAEXP","TOT","USD_CAP","A","2015",591.196,
"BEL","PHARMAEXP","TOT","USD_CAP","A","2016",603.812,
"BEL","PHARMAEXP","TOT","USD_CAP","A","2017",591.828,
"BEL","PHARMAEXP","TOT","USD_CAP","A","2018",607.341,
"BEL","PHARMAEXP","TOT","USD_CAP","A","2019",608.276,
"CAN","PHARMAEXP","TOT","USD_CAP","A","1970",32.674,
"CAN","PHARMAEXP","TOT","USD_CAP","A","1971",36.119,
"CAN","PHARMAEXP","TOT","USD_CAP","A","1972",37.065,
"CAN","PHARMAEXP","TOT","USD_CAP","A","1973",40.116,
"CAN","PHARMAEXP","TOT","USD_CAP","A","1974",42.117,
"CAN","PHARMAEXP","TOT","USD_CAP","A","1975",45.414,"B"
"CAN","PHARMAEXP","TOT","USD_CAP","A","1976",48.653,
"CAN","PHARMAEXP","TOT","USD_CAP","A","1977",51.674,
"CAN","PHARMAEXP","TOT","USD_CAP","A","1978",55.478,
"CAN","PHARMAEXP","TOT","USD_CAP","A","1979",62.847,
"CAN","PHARMAEXP","TOT","USD_CAP","A","1980",70.718,
"CAN","PHARMAEXP","TOT","USD_CAP","A","1981",84.079,
"CAN","PHARMAEXP","TOT","USD_CAP","A","1982",90.33,
"CAN","PHARMAEXP","TOT","USD_CAP","A","1983",97.525,
"CAN","PHARMAEXP","TOT","USD_CAP","A","1984",107.796,
"CAN","PHARMAEXP","TOT","USD_CAP","A","1985",121.991,
"CAN","PHARMAEXP","TOT","USD_CAP","A","1986",137.509,
"CAN","PHARMAEXP","TOT","USD_CAP","A","1987",150.06,
"CAN","PHARMAEXP","TOT","USD_CAP","A","1988",166.289,
"CAN","PHARMAEXP","TOT","USD_CAP","A","1989",184.605,
"CAN","PHARMAEXP","TOT","USD_CAP","A","1990",202.456,
"CAN","PHARMAEXP","TOT","USD_CAP","A","1991",218.989,
"CAN","PHARMAEXP","TOT","USD_CAP","A","1992",241.843,
"CAN","PHARMAEXP","TOT","USD_CAP","A","1993",258.218,
"CAN","PHARMAEXP","TOT","USD_CAP","A","1994",267.032,
"CAN","PHARMAEXP","TOT","USD_CAP","A","1995",284.92,
"CAN","PHARMAEXP","TOT","USD_CAP","A","1996",291.43,
"CAN","PHARMAEXP","TOT","USD_CAP","A","1997",319.045,
"CAN","PHARMAEXP","TOT","USD_CAP","A","1998",345.41,
"CAN","PHARMAEXP","TOT","USD_CAP","A","1999",369.052,
"CAN","PHARMAEXP","TOT","USD_CAP","A","2000",406.881,
"CAN","PHARMAEXP","TOT","USD_CAP","A","2001",443.781,
"CAN","PHARMAEXP","TOT","USD_CAP","A","2002",480.949,
"CAN","PHARMAEXP","TOT","USD_CAP","A","2003",519.721,
"CAN","PHARMAEXP","TOT","USD_CAP","A","2004",561.494,
"CAN","PHARMAEXP","TOT","USD_CAP","A","2005",594.446,
"CAN","PHARMAEXP","TOT","USD_CAP","A","2006",625.004,
"CAN","PHARMAEXP","TOT","USD_CAP","A","2007",657.055,
"CAN","PHARMAEXP","TOT","USD_CAP","A","2008",674.427,
"CAN","PHARMAEXP","TOT","USD_CAP","A","2009",692.88,
"CAN","PHARMAEXP","TOT","USD_CAP","A","2010",756.151,
"CAN","PHARMAEXP","TOT","USD_CAP","A","2011",755.102,
"CAN","PHARMAEXP","TOT","USD_CAP","A","2012",754.036,
"CAN","PHARMAEXP","TOT","USD_CAP","A","2013",750.531,
"CAN","PHARMAEXP","TOT","USD_CAP","A","2014",750.549,
"CAN","PHARMAEXP","TOT","USD_CAP","A","2015",770.968,
"CAN","PHARMAEXP","TOT","USD_CAP","A","2016",834.383,
"CAN","PHARMAEXP","TOT","USD_CAP","A","2017",845.473,
"CAN","PHARMAEXP","TOT","USD_CAP","A","2018",859.882,
"CAN","PHARMAEXP","TOT","USD_CAP","A","2019",863.851,"P"
"CZE","PHARMAEXP","TOT","USD_CAP","A","1990",119.194,
"CZE","PHARMAEXP","TOT","USD_CAP","A","1991",94.506,
"CZE","PHARMAEXP","TOT","USD_CAP","A","1992",114.541,
"CZE","PHARMAEXP","TOT","USD_CAP","A","1993",147.579,
"CZE","PHARMAEXP","TOT","USD_CAP","A","1994",205.423,
"CZE","PHARMAEXP","TOT","USD_CAP","A","1995",228.484,
"CZE","PHARMAEXP","TOT","USD_CAP","A","1996",237.53,
"CZE","PHARMAEXP","TOT","USD_CAP","A","1997",236.865,
"CZE","PHARMAEXP","TOT","USD_CAP","A","1998",222.922,
"CZE","PHARMAEXP","TOT","USD_CAP","A","1999",229.864,
"CZE","PHARMAEXP","TOT","USD_CAP","A","2000",252.89,"B"
"CZE","PHARMAEXP","TOT","USD_CAP","A","2001",289.729,
"CZE","PHARMAEXP","TOT","USD_CAP","A","2002",317.795,
"CZE","PHARMAEXP","TOT","USD_CAP","A","2003",351.104,"B"
"CZE","PHARMAEXP","TOT","USD_CAP","A","2004",375.789,
"CZE","PHARMAEXP","TOT","USD_CAP","A","2005",391.508,
"CZE","PHARMAEXP","TOT","USD_CAP","A","2006",366.013,
"CZE","PHARMAEXP","TOT","USD_CAP","A","2007",368.637,
"CZE","PHARMAEXP","TOT","USD_CAP","A","2008",381.104,
"CZE","PHARMAEXP","TOT","USD_CAP","A","2009",454.4,
"CZE","PHARMAEXP","TOT","USD_CAP","A","2010",408.956,
"CZE","PHARMAEXP","TOT","USD_CAP","A","2011",417.199,
"CZE","PHARMAEXP","TOT","USD_CAP","A","2012",449.372,
"CZE","PHARMAEXP","TOT","USD_CAP","A","2013",444.047,"B"
"CZE","PHARMAEXP","TOT","USD_CAP","A","2014",442.845,
"CZE","PHARMAEXP","TOT","USD_CAP","A","2015",444.263,
"CZE","PHARMAEXP","TOT","USD_CAP","A","2016",465.585,
"CZE","PHARMAEXP","TOT","USD_CAP","A","2017",488.004,
"CZE","PHARMAEXP","TOT","USD_CAP","A","2018",508.948,
"CZE","PHARMAEXP","TOT","USD_CAP","A","2019",519.657,
"DNK","PHARMAEXP","TOT","USD_CAP","A","1980",50.153,
"DNK","PHARMAEXP","TOT","USD_CAP","A","1981",53.512,
"DNK","PHARMAEXP","TOT","USD_CAP","A","1982",59.09,
"DNK","PHARMAEXP","TOT","USD_CAP","A","1983",64.192,
"DNK","PHARMAEXP","TOT","USD_CAP","A","1984",67.887,
"DNK","PHARMAEXP","TOT","USD_CAP","A","1985",75.851,
"DNK","PHARMAEXP","TOT","USD_CAP","A","1986",84.827,
"DNK","PHARMAEXP","TOT","USD_CAP","A","1987",86.051,
"DNK","PHARMAEXP","TOT","USD_CAP","A","1988",96.123,
"DNK","PHARMAEXP","TOT","USD_CAP","A","1989",95.322,
"DNK","PHARMAEXP","TOT","USD_CAP","A","1990",109.699,
"DNK","PHARMAEXP","TOT","USD_CAP","A","1991",120.69,
"DNK","PHARMAEXP","TOT","USD_CAP","A","1992",126.077,
"DNK","PHARMAEXP","TOT","USD_CAP","A","1993",142.93,
"DNK","PHARMAEXP","TOT","USD_CAP","A","1994",154.333,
"DNK","PHARMAEXP","TOT","USD_CAP","A","1995",159.765,
"DNK","PHARMAEXP","TOT","USD_CAP","A","1996",166.001,
"DNK","PHARMAEXP","TOT","USD_CAP","A","1997",175.661,
"DNK","PHARMAEXP","TOT","USD_CAP","A","1998",198.338,
"DNK","PHARMAEXP","TOT","USD_CAP","A","1999",197.474,
"DNK","PHARMAEXP","TOT","USD_CAP","A","2000",212.623,
"DNK","PHARMAEXP","TOT","USD_CAP","A","2001",222.006,
"DNK","PHARMAEXP","TOT","USD_CAP","A","2002",255.15,
"DNK","PHARMAEXP","TOT","USD_CAP","A","2003",251.601,"B"
"DNK","PHARMAEXP","TOT","USD_CAP","A","2004",260.526,
"DNK","PHARMAEXP","TOT","USD_CAP","A","2005",258.681,
"DNK","PHARMAEXP","TOT","USD_CAP","A","2006",286.531,
"DNK","PHARMAEXP","TOT","USD_CAP","A","2007",316.445,
"DNK","PHARMAEXP","TOT","USD_CAP","A","2008",314.596,
"DNK","PHARMAEXP","TOT","USD_CAP","A","2009",306.281,
"DNK","PHARMAEXP","TOT","USD_CAP","A","2010",337.108,"B"
"DNK","PHARMAEXP","TOT","USD_CAP","A","2011",327.444,
"DNK","PHARMAEXP","TOT","USD_CAP","A","2012",319.973,
"DNK","PHARMAEXP","TOT","USD_CAP","A","2013",308.551,
"DNK","PHARMAEXP","TOT","USD_CAP","A","2014",310.697,
"DNK","PHARMAEXP","TOT","USD_CAP","A","2015",316.421,
"DNK","PHARMAEXP","TOT","USD_CAP","A","2016",320.374,
"DNK","PHARMAEXP","TOT","USD_CAP","A","2017",321.734,
"DNK","PHARMAEXP","TOT","USD_CAP","A","2018",340.428,
"DNK","PHARMAEXP","TOT","USD_CAP","A","2019",373.134,
"FIN","PHARMAEXP","TOT","USD_CAP","A","1970",20.963,
"FIN","PHARMAEXP","TOT","USD_CAP","A","1971",24.924,
"FIN","PHARMAEXP","TOT","USD_CAP","A","1972",28.034,
"FIN","PHARMAEXP","TOT","USD_CAP","A","1973",29.532,
"FIN","PHARMAEXP","TOT","USD_CAP","A","1974",32.663,
"FIN","PHARMAEXP","TOT","USD_CAP","A","1975",36.729,
"FIN","PHARMAEXP","TOT","USD_CAP","A","1976",40.932,
"FIN","PHARMAEXP","TOT","USD_CAP","A","1977",44.376,
"FIN","PHARMAEXP","TOT","USD_CAP","A","1978",48.206,
"FIN","PHARMAEXP","TOT","USD_CAP","A","1979",51.966,
"FIN","PHARMAEXP","TOT","USD_CAP","A","1980",55.216,
"FIN","PHARMAEXP","TOT","USD_CAP","A","1981",60.365,
"FIN","PHARMAEXP","TOT","USD_CAP","A","1982",63.189,
"FIN","PHARMAEXP","TOT","USD_CAP","A","1983",70.072,
"FIN","PHARMAEXP","TOT","USD_CAP","A","1984",75.533,
"FIN","PHARMAEXP","TOT","USD_CAP","A","1985",81.889,
"FIN","PHARMAEXP","TOT","USD_CAP","A","1986",86.971,
"FIN","PHARMAEXP","TOT","USD_CAP","A","1987",95.25,
"FIN","PHARMAEXP","TOT","USD_CAP","A","1988",102.449,
"FIN","PHARMAEXP","TOT","USD_CAP","A","1989",111.221,
"FIN","PHARMAEXP","TOT","USD_CAP","A","1990",124.359,
"FIN","PHARMAEXP","TOT","USD_CAP","A","1991",139.565,
"FIN","PHARMAEXP","TOT","USD_CAP","A","1992",148.894,
"FIN","PHARMAEXP","TOT","USD_CAP","A","1993",155.055,"B"
"FIN","PHARMAEXP","TOT","USD_CAP","A","1994",167.123,
"FIN","PHARMAEXP","TOT","USD_CAP","A","1995",192.507,
"FIN","PHARMAEXP","TOT","USD_CAP","A","1996",210.748,
"FIN","PHARMAEXP","TOT","USD_CAP","A","1997",224.67,
"FIN","PHARMAEXP","TOT","USD_CAP","A","1998",223.074,
"FIN","PHARMAEXP","TOT","USD_CAP","A","1999",250.551,
"FIN","PHARMAEXP","TOT","USD_CAP","A","2000",282.07,
"FIN","PHARMAEXP","TOT","USD_CAP","A","2001",306.472,
"FIN","PHARMAEXP","TOT","USD_CAP","A","2002",344.581,
"FIN","PHARMAEXP","TOT","USD_CAP","A","2003",353.99,
"FIN","PHARMAEXP","TOT","USD_CAP","A","2004",387.992,
"FIN","PHARMAEXP","TOT","USD_CAP","A","2005",405.017,
"FIN","PHARMAEXP","TOT","USD_CAP","A","2006",389.256,
"FIN","PHARMAEXP","TOT","USD_CAP","A","2007",425.597,
"FIN","PHARMAEXP","TOT","USD_CAP","A","2008",457.118,
"FIN","PHARMAEXP","TOT","USD_CAP","A","2009",445.798,
"FIN","PHARMAEXP","TOT","USD_CAP","A","2010",446.98,
"FIN","PHARMAEXP","TOT","USD_CAP","A","2011",448.472,
"FIN","PHARMAEXP","TOT","USD_CAP","A","2012",460.321,
"FIN","PHARMAEXP","TOT","USD_CAP","A","2013",472.552,
"FIN","PHARMAEXP","TOT","USD_CAP","A","2014",467.219,
"FIN","PHARMAEXP","TOT","USD_CAP","A","2015",484.533,"B"
"FIN","PHARMAEXP","TOT","USD_CAP","A","2016",515.994,
"FIN","PHARMAEXP","TOT","USD_CAP","A","2017",515.952,
"FIN","PHARMAEXP","TOT","USD_CAP","A","2018",542.777,
"FIN","PHARMAEXP","TOT","USD_CAP","A","2019",563.659,
"FIN","PHARMAEXP","TOT","USD_CAP","A","2020",578.901,"P"
"FRA","PHARMAEXP","TOT","USD_CAP","A","1970",46.839,
"FRA","PHARMAEXP","TOT","USD_CAP","A","1975",75.304,
"FRA","PHARMAEXP","TOT","USD_CAP","A","1980",107.98,
"FRA","PHARMAEXP","TOT","USD_CAP","A","1985",165.715,
"FRA","PHARMAEXP","TOT","USD_CAP","A","1990",251.789,
"FRA","PHARMAEXP","TOT","USD_CAP","A","1991",275.397,
"FRA","PHARMAEXP","TOT","USD_CAP","A","1992",290.482,
"FRA","PHARMAEXP","TOT","USD_CAP","A","1993",315.2,
"FRA","PHARMAEXP","TOT","USD_CAP","A","1994",324.734,
"FRA","PHARMAEXP","TOT","USD_CAP","A","1995",322.911,"B"
"FRA","PHARMAEXP","TOT","USD_CAP","A","1996",329.956,
"FRA","PHARMAEXP","TOT","USD_CAP","A","1997",345.471,
"FRA","PHARMAEXP","TOT","USD_CAP","A","1998",368.326,
"FRA","PHARMAEXP","TOT","USD_CAP","A","1999",398.617,
"FRA","PHARMAEXP","TOT","USD_CAP","A","2000",453.954,
"FRA","PHARMAEXP","TOT","USD_CAP","A","2001",498.162,
"FRA","PHARMAEXP","TOT","USD_CAP","A","2002",541.759,
"FRA","PHARMAEXP","TOT","USD_CAP","A","2003",536.539,"B"
"FRA","PHARMAEXP","TOT","USD_CAP","A","2004",558.967,
"FRA","PHARMAEXP","TOT","USD_CAP","A","2005",573.537,
"FRA","PHARMAEXP","TOT","USD_CAP","A","2006",581.1,"B"
"FRA","PHARMAEXP","TOT","USD_CAP","A","2007",594.09,
"FRA","PHARMAEXP","TOT","USD_CAP","A","2008",606.492,
"FRA","PHARMAEXP","TOT","USD_CAP","A","2009",610.761,
"FRA","PHARMAEXP","TOT","USD_CAP","A","2010",621.946,
"FRA","PHARMAEXP","TOT","USD_CAP","A","2011",622.837,
"FRA","PHARMAEXP","TOT","USD_CAP","A","2012",619.827,
"FRA","PHARMAEXP","TOT","USD_CAP","A","2013",629.082,
"FRA","PHARMAEXP","TOT","USD_CAP","A","2014",627.314,
"FRA","PHARMAEXP","TOT","USD_CAP","A","2015",620.37,
"FRA","PHARMAEXP","TOT","USD_CAP","A","2016",636.451,
"FRA","PHARMAEXP","TOT","USD_CAP","A","2017",634.006,
"FRA","PHARMAEXP","TOT","USD_CAP","A","2018",634.662,
"FRA","PHARMAEXP","TOT","USD_CAP","A","2019",627.06,
"DEU","PHARMAEXP","TOT","USD_CAP","A","1970",42.897,
"DEU","PHARMAEXP","TOT","USD_CAP","A","1971",48.392,
"DEU","PHARMAEXP","TOT","USD_CAP","A","1972",53.476,
"DEU","PHARMAEXP","TOT","USD_CAP","A","1973",58.791,
"DEU","PHARMAEXP","TOT","USD_CAP","A","1974",67.371,
"DEU","PHARMAEXP","TOT","USD_CAP","A","1975",76.314,
"DEU","PHARMAEXP","TOT","USD_CAP","A","1976",84.135,
"DEU","PHARMAEXP","TOT","USD_CAP","A","1977",89.661,
"DEU","PHARMAEXP","TOT","USD_CAP","A","1978",101.799,
"DEU","PHARMAEXP","TOT","USD_CAP","A","1979",111.144,
"DEU","PHARMAEXP","TOT","USD_CAP","A","1980",126.192,
"DEU","PHARMAEXP","TOT","USD_CAP","A","1981",141.852,
"DEU","PHARMAEXP","TOT","USD_CAP","A","1982",146.128,
"DEU","PHARMAEXP","TOT","USD_CAP","A","1983",156.959,
"DEU","PHARMAEXP","TOT","USD_CAP","A","1984",170.747,
"DEU","PHARMAEXP","TOT","USD_CAP","A","1985",185.72,
"DEU","PHARMAEXP","TOT","USD_CAP","A","1986",199.065,
"DEU","PHARMAEXP","TOT","USD_CAP","A","1987",215.973,
"DEU","PHARMAEXP","TOT","USD_CAP","A","1988",236.538,
"DEU","PHARMAEXP","TOT","USD_CAP","A","1989",236.529,
"DEU","PHARMAEXP","TOT","USD_CAP","A","1990",253.628,
"DEU","PHARMAEXP","TOT","USD_CAP","A","1992",309.737,"B"
"DEU","PHARMAEXP","TOT","USD_CAP","A","1993",280.475,
"DEU","PHARMAEXP","TOT","USD_CAP","A","1994",292.492,
"DEU","PHARMAEXP","TOT","USD_CAP","A","1995",308.982,
"DEU","PHARMAEXP","TOT","USD_CAP","A","1996",333.201,
"DEU","PHARMAEXP","TOT","USD_CAP","A","1997",334.686,
"DEU","PHARMAEXP","TOT","USD_CAP","A","1998",357.345,
"DEU","PHARMAEXP","TOT","USD_CAP","A","1999",376.971,
"DEU","PHARMAEXP","TOT","USD_CAP","A","2000",406.882,
"DEU","PHARMAEXP","TOT","USD_CAP","A","2001",441.264,
"DEU","PHARMAEXP","TOT","USD_CAP","A","2002",482.574,
"DEU","PHARMAEXP","TOT","USD_CAP","A","2003",492.869,
"DEU","PHARMAEXP","TOT","USD_CAP","A","2004",474.751,
"DEU","PHARMAEXP","TOT","USD_CAP","A","2005",517.924,
"DEU","PHARMAEXP","TOT","USD_CAP","A","2006",533.009,
"DEU","PHARMAEXP","TOT","USD_CAP","A","2007",573.481,
"DEU","PHARMAEXP","TOT","USD_CAP","A","2008",605.934,
"DEU","PHARMAEXP","TOT","USD_CAP","A","2009",632.991,
"DEU","PHARMAEXP","TOT","USD_CAP","A","2010",662.575,
"DEU","PHARMAEXP","TOT","USD_CAP","A","2011",651.313,
"DEU","PHARMAEXP","TOT","USD_CAP","A","2012",669.303,
"DEU","PHARMAEXP","TOT","USD_CAP","A","2013",691.988,
"DEU","PHARMAEXP","TOT","USD_CAP","A","2014",738.045,
"DEU","PHARMAEXP","TOT","USD_CAP","A","2015",759.132,
"DEU","PHARMAEXP","TOT","USD_CAP","A","2016",816.693,
"DEU","PHARMAEXP","TOT","USD_CAP","A","2017",846.889,
"DEU","PHARMAEXP","TOT","USD_CAP","A","2018",891.597,
"DEU","PHARMAEXP","TOT","USD_CAP","A","2019",935.088,
"GRC","PHARMAEXP","TOT","USD_CAP","A","1970",34.036,
"GRC","PHARMAEXP","TOT","USD_CAP","A","1971",38.633,
"GRC","PHARMAEXP","TOT","USD_CAP","A","1972",42.101,
"GRC","PHARMAEXP","TOT","USD_CAP","A","1973",44.882,
"GRC","PHARMAEXP","TOT","USD_CAP","A","1974",45.513,
"GRC","PHARMAEXP","TOT","USD_CAP","A","1975",55.71,
"GRC","PHARMAEXP","TOT","USD_CAP","A","1976",57.488,
"GRC","PHARMAEXP","TOT","USD_CAP","A","1977",62.267,
"GRC","PHARMAEXP","TOT","USD_CAP","A","1978",71.771,
"GRC","PHARMAEXP","TOT","USD_CAP","A","1979",77.365,
"GRC","PHARMAEXP","TOT","USD_CAP","A","1980",82.664,
"GRC","PHARMAEXP","TOT","USD_CAP","A","1981",84.861,
"GRC","PHARMAEXP","TOT","USD_CAP","A","1982",78.6,
"GRC","PHARMAEXP","TOT","USD_CAP","A","1983",88.455,
"GRC","PHARMAEXP","TOT","USD_CAP","A","1984",94.191,
"GRC","PHARMAEXP","TOT","USD_CAP","A","1985",102.583,
"GRC","PHARMAEXP","TOT","USD_CAP","A","1986",111.888,
"GRC","PHARMAEXP","TOT","USD_CAP","A","1987",86.895,
"GRC","PHARMAEXP","TOT","USD_CAP","A","1988",94.872,
"GRC","PHARMAEXP","TOT","USD_CAP","A","1989",104.001,
"GRC","PHARMAEXP","TOT","USD_CAP","A","1990",115.43,
"GRC","PHARMAEXP","TOT","USD_CAP","A","1991",135.787,
"GRC","PHARMAEXP","TOT","USD_CAP","A","1992",157.796,
"GRC","PHARMAEXP","TOT","USD_CAP","A","1993",172.835,
"GRC","PHARMAEXP","TOT","USD_CAP","A","1994",190.535,
"GRC","PHARMAEXP","TOT","USD_CAP","A","1995",193.976,
"GRC","PHARMAEXP","TOT","USD_CAP","A","1996",205.798,
"GRC","PHARMAEXP","TOT","USD_CAP","A","1997",217.262,
"GRC","PHARMAEXP","TOT","USD_CAP","A","1998",192.208,
"GRC","PHARMAEXP","TOT","USD_CAP","A","1999",209.652,
"GRC","PHARMAEXP","TOT","USD_CAP","A","2000",281.726,
"GRC","PHARMAEXP","TOT","USD_CAP","A","2001",324.329,
"GRC","PHARMAEXP","TOT","USD_CAP","A","2002",389.24,
"GRC","PHARMAEXP","TOT","USD_CAP","A","2003",503.288,"B"
"GRC","PHARMAEXP","TOT","USD_CAP","A","2004",519.153,
"GRC","PHARMAEXP","TOT","USD_CAP","A","2005",547.175,
"GRC","PHARMAEXP","TOT","USD_CAP","A","2006",614.639,
"GRC","PHARMAEXP","TOT","USD_CAP","A","2007",650.834,
"GRC","PHARMAEXP","TOT","USD_CAP","A","2008",734.77,
"GRC","PHARMAEXP","TOT","USD_CAP","A","2009",749.5,
"GRC","PHARMAEXP","TOT","USD_CAP","A","2010",750.189,
"GRC","PHARMAEXP","TOT","USD_CAP","A","2011",709.328,
"GRC","PHARMAEXP","TOT","USD_CAP","A","2012",622.251,
"GRC","PHARMAEXP","TOT","USD_CAP","A","2013",574.641,
"GRC","PHARMAEXP","TOT","USD_CAP","A","2014",542.526,
"GRC","PHARMAEXP","TOT","USD_CAP","A","2015",559.123,
"GRC","PHARMAEXP","TOT","USD_CAP","A","2016",592.959,
"GRC","PHARMAEXP","TOT","USD_CAP","A","2017",619.587,
"GRC","PHARMAEXP","TOT","USD_CAP","A","2018",598.864,
"GRC","PHARMAEXP","TOT","USD_CAP","A","2019",606.579,
"HUN","PHARMAEXP","TOT","USD_CAP","A","1991",177.383,
"HUN","PHARMAEXP","TOT","USD_CAP","A","1992",180.936,
"HUN","PHARMAEXP","TOT","USD_CAP","A","1993",198.762,
"HUN","PHARMAEXP","TOT","USD_CAP","A","1994",220.758,
"HUN","PHARMAEXP","TOT","USD_CAP","A","1995",183.043,
"HUN","PHARMAEXP","TOT","USD_CAP","A","1996",188.89,
"HUN","PHARMAEXP","TOT","USD_CAP","A","1997",192.933,
"HUN","PHARMAEXP","TOT","USD_CAP","A","2001",295.448,
"HUN","PHARMAEXP","TOT","USD_CAP","A","2002",337.883,
"HUN","PHARMAEXP","TOT","USD_CAP","A","2003",376.527,"B"
"HUN","PHARMAEXP","TOT","USD_CAP","A","2004",402.066,
"HUN","PHARMAEXP","TOT","USD_CAP","A","2005",457.642,
"HUN","PHARMAEXP","TOT","USD_CAP","A","2006",483.001,
"HUN","PHARMAEXP","TOT","USD_CAP","A","2007",451.889,
"HUN","PHARMAEXP","TOT","USD_CAP","A","2008",476.311,
"HUN","PHARMAEXP","TOT","USD_CAP","A","2009",491.382,
"HUN","PHARMAEXP","TOT","USD_CAP","A","2010",554.66,"B"
"HUN","PHARMAEXP","TOT","USD_CAP","A","2011",614.46,
"HUN","PHARMAEXP","TOT","USD_CAP","A","2012",575.517,
"HUN","PHARMAEXP","TOT","USD_CAP","A","2013",551.813,
"HUN","PHARMAEXP","TOT","USD_CAP","A","2014",561.219,
"HUN","PHARMAEXP","TOT","USD_CAP","A","2015",563.595,
"HUN","PHARMAEXP","TOT","USD_CAP","A","2016",589.38,
"HUN","PHARMAEXP","TOT","USD_CAP","A","2017",554.629,
"HUN","PHARMAEXP","TOT","USD_CAP","A","2018",566.105,
"HUN","PHARMAEXP","TOT","USD_CAP","A","2019",590.04,
"ISL","PHARMAEXP","TOT","USD_CAP","A","1970",28.395,
"ISL","PHARMAEXP","TOT","USD_CAP","A","1971",38.345,
"ISL","PHARMAEXP","TOT","USD_CAP","A","1972",43.35,
"ISL","PHARMAEXP","TOT","USD_CAP","A","1973",42.74,
"ISL","PHARMAEXP","TOT","USD_CAP","A","1974",46.551,
"ISL","PHARMAEXP","TOT","USD_CAP","A","1975",58.195,
"ISL","PHARMAEXP","TOT","USD_CAP","A","1976",56.519,
"ISL","PHARMAEXP","TOT","USD_CAP","A","1977",65.663,
"ISL","PHARMAEXP","TOT","USD_CAP","A","1978",80.803,
"ISL","PHARMAEXP","TOT","USD_CAP","A","1979",92.7,
"ISL","PHARMAEXP","TOT","USD_CAP","A","1980",119.847,"B"
"ISL","PHARMAEXP","TOT","USD_CAP","A","1981",127.923,
"ISL","PHARMAEXP","TOT","USD_CAP","A","1982",148.784,
"ISL","PHARMAEXP","TOT","USD_CAP","A","1983",178.975,
"ISL","PHARMAEXP","TOT","USD_CAP","A","1984",164.017,
"ISL","PHARMAEXP","TOT","USD_CAP","A","1985",181.92,
"ISL","PHARMAEXP","TOT","USD_CAP","A","1986",205.741,
"ISL","PHARMAEXP","TOT","USD_CAP","A","1987",225.628,
"ISL","PHARMAEXP","TOT","USD_CAP","A","1988",234.335,
"ISL","PHARMAEXP","TOT","USD_CAP","A","1989",238.656,
"ISL","PHARMAEXP","TOT","USD_CAP","A","1990",219.887,
"ISL","PHARMAEXP","TOT","USD_CAP","A","1991",212.075,
"ISL","PHARMAEXP","TOT","USD_CAP","A","1992",221.415,
"ISL","PHARMAEXP","TOT","USD_CAP","A","1993",216.662,
"ISL","PHARMAEXP","TOT","USD_CAP","A","1994",234.705,
"ISL","PHARMAEXP","TOT","USD_CAP","A","1995",249.387,
"ISL","PHARMAEXP","TOT","USD_CAP","A","1996",269.06,
"ISL","PHARMAEXP","TOT","USD_CAP","A","1997",312.433,
"ISL","PHARMAEXP","TOT","USD_CAP","A","1998",338.262,
"ISL","PHARMAEXP","TOT","USD_CAP","A","1999",370.925,
"ISL","PHARMAEXP","TOT","USD_CAP","A","2000",395.515,
"ISL","PHARMAEXP","TOT","USD_CAP","A","2001",397.04,
"ISL","PHARMAEXP","TOT","USD_CAP","A","2002",442.088,
"ISL","PHARMAEXP","TOT","USD_CAP","A","2003",484.345,"B"
"ISL","PHARMAEXP","TOT","USD_CAP","A","2004",509.453,
"ISL","PHARMAEXP","TOT","USD_CAP","A","2005",482.896,
"ISL","PHARMAEXP","TOT","USD_CAP","A","2006",492.425,
"ISL","PHARMAEXP","TOT","USD_CAP","A","2007",493.738,
"ISL","PHARMAEXP","TOT","USD_CAP","A","2008",537.297,
"ISL","PHARMAEXP","TOT","USD_CAP","A","2009",555.643,
"ISL","PHARMAEXP","TOT","USD_CAP","A","2010",531.597,
"ISL","PHARMAEXP","TOT","USD_CAP","A","2011",517.482,
"ISL","PHARMAEXP","TOT","USD_CAP","A","2012",509.653,
"ISL","PHARMAEXP","TOT","USD_CAP","A","2013",486.276,
"ISL","PHARMAEXP","TOT","USD_CAP","A","2014",466.889,
"ISL","PHARMAEXP","TOT","USD_CAP","A","2015",472.047,
"ISL","PHARMAEXP","TOT","USD_CAP","A","2016",455.664,
"ISL","PHARMAEXP","TOT","USD_CAP","A","2017",450.201,
"ISL","PHARMAEXP","TOT","USD_CAP","A","2018",468.652,
"ISL","PHARMAEXP","TOT","USD_CAP","A","2019",500.494,
"ISL","PHARMAEXP","TOT","USD_CAP","A","2020",558.528,"P"
"IRL","PHARMAEXP","TOT","USD_CAP","A","1975",37.145,
"IRL","PHARMAEXP","TOT","USD_CAP","A","1976",38.842,
"IRL","PHARMAEXP","TOT","USD_CAP","A","1977",41.348,
"IRL","PHARMAEXP","TOT","USD_CAP","A","1978",48.546,
"IRL","PHARMAEXP","TOT","USD_CAP","A","1979",52.028,
"IRL","PHARMAEXP","TOT","USD_CAP","A","1980",55.584,
"IRL","PHARMAEXP","TOT","USD_CAP","A","1981",51.678,
"IRL","PHARMAEXP","TOT","USD_CAP","A","1982",54.405,
"IRL","PHARMAEXP","TOT","USD_CAP","A","1983",54.809,
"IRL","PHARMAEXP","TOT","USD_CAP","A","1984",59.448,
"IRL","PHARMAEXP","TOT","USD_CAP","A","1985",63.834,
"IRL","PHARMAEXP","TOT","USD_CAP","A","1986",68.406,
"IRL","PHARMAEXP","TOT","USD_CAP","A","1987",73.73,
"IRL","PHARMAEXP","TOT","USD_CAP","A","1988",79.685,
"IRL","PHARMAEXP","TOT","USD_CAP","A","1989",90.957,
"IRL","PHARMAEXP","TOT","USD_CAP","A","1990",95.944,
"IRL","PHARMAEXP","TOT","USD_CAP","A","1991",100.573,
"IRL","PHARMAEXP","TOT","USD_CAP","A","1992",109.164,
"IRL","PHARMAEXP","TOT","USD_CAP","A","1993",118.635,
"IRL","PHARMAEXP","TOT","USD_CAP","A","1994",125.728,
"IRL","PHARMAEXP","TOT","USD_CAP","A","1995",135.951,
"IRL","PHARMAEXP","TOT","USD_CAP","A","1996",152.588,
"IRL","PHARMAEXP","TOT","USD_CAP","A","1997",161.653,
"IRL","PHARMAEXP","TOT","USD_CAP","A","1998",184.301,
"IRL","PHARMAEXP","TOT","USD_CAP","A","1999",209.316,
"IRL","PHARMAEXP","TOT","USD_CAP","A","2000",259.28,
"IRL","PHARMAEXP","TOT","USD_CAP","A","2001",307.974,
"IRL","PHARMAEXP","TOT","USD_CAP","A","2002",357.489,
"IRL","PHARMAEXP","TOT","USD_CAP","A","2003",389.009,
"IRL","PHARMAEXP","TOT","USD_CAP","A","2004",439.037,
"IRL","PHARMAEXP","TOT","USD_CAP","A","2005",478.631,
"IRL","PHARMAEXP","TOT","USD_CAP","A","2006",527.242,
"IRL","PHARMAEXP","TOT","USD_CAP","A","2007",553.197,
"IRL","PHARMAEXP","TOT","USD_CAP","A","2008",581.225,
"IRL","PHARMAEXP","TOT","USD_CAP","A","2009",584.508,
"IRL","PHARMAEXP","TOT","USD_CAP","A","2010",600.441,
"IRL","PHARMAEXP","TOT","USD_CAP","A","2011",599.581,"B"
"IRL","PHARMAEXP","TOT","USD_CAP","A","2012",627.852,
"IRL","PHARMAEXP","TOT","USD_CAP","A","2013",582.303,
"IRL","PHARMAEXP","TOT","USD_CAP","A","2014",555.2,
"IRL","PHARMAEXP","TOT","USD_CAP","A","2015",560.482,
"IRL","PHARMAEXP","TOT","USD_CAP","A","2016",591.262,
"IRL","PHARMAEXP","TOT","USD_CAP","A","2017",602.378,
"IRL","PHARMAEXP","TOT","USD_CAP","A","2018",609.121,
"IRL","PHARMAEXP","TOT","USD_CAP","A","2019",604.746,
"ITA","PHARMAEXP","TOT","USD_CAP","A","1988",242.521,
"ITA","PHARMAEXP","TOT","USD_CAP","A","1989",261.102,
"ITA","PHARMAEXP","TOT","USD_CAP","A","1990",272.616,
"ITA","PHARMAEXP","TOT","USD_CAP","A","1991",289.854,
"ITA","PHARMAEXP","TOT","USD_CAP","A","1992",300.965,
"ITA","PHARMAEXP","TOT","USD_CAP","A","1993",284.139,
"ITA","PHARMAEXP","TOT","USD_CAP","A","1994",283.839,
"ITA","PHARMAEXP","TOT","USD_CAP","A","1995",285.714,"B"
"ITA","PHARMAEXP","TOT","USD_CAP","A","1996",304.985,
"ITA","PHARMAEXP","TOT","USD_CAP","A","1997",333.052,
"ITA","PHARMAEXP","TOT","USD_CAP","A","1998",358.305,
"ITA","PHARMAEXP","TOT","USD_CAP","A","1999",381.619,
"ITA","PHARMAEXP","TOT","USD_CAP","A","2000",429.425,
"ITA","PHARMAEXP","TOT","USD_CAP","A","2001",471.464,
"ITA","PHARMAEXP","TOT","USD_CAP","A","2002",501.305,
"ITA","PHARMAEXP","TOT","USD_CAP","A","2003",489.233,
"ITA","PHARMAEXP","TOT","USD_CAP","A","2004",514.552,
"ITA","PHARMAEXP","TOT","USD_CAP","A","2005",510.092,
"ITA","PHARMAEXP","TOT","USD_CAP","A","2006",535.367,
"ITA","PHARMAEXP","TOT","USD_CAP","A","2007",538.884,
"ITA","PHARMAEXP","TOT","USD_CAP","A","2008",562.602,
"ITA","PHARMAEXP","TOT","USD_CAP","A","2009",558.059,
"ITA","PHARMAEXP","TOT","USD_CAP","A","2010",582.377,
"ITA","PHARMAEXP","TOT","USD_CAP","A","2011",574.551,
"ITA","PHARMAEXP","TOT","USD_CAP","A","2012",510.916,"B"
"ITA","PHARMAEXP","TOT","USD_CAP","A","2013",519.224,
"ITA","PHARMAEXP","TOT","USD_CAP","A","2014",516.479,
"ITA","PHARMAEXP","TOT","USD_CAP","A","2015",551.703,
"ITA","PHARMAEXP","TOT","USD_CAP","A","2016",577.766,
"ITA","PHARMAEXP","TOT","USD_CAP","A","2017",594.489,
"ITA","PHARMAEXP","TOT","USD_CAP","A","2018",631.721,
"ITA","PHARMAEXP","TOT","USD_CAP","A","2019",658.911,
"JPN","PHARMAEXP","TOT","USD_CAP","A","1980",112.896,
"JPN","PHARMAEXP","TOT","USD_CAP","A","1984",144.604,
"JPN","PHARMAEXP","TOT","USD_CAP","A","1985",146.536,
"JPN","PHARMAEXP","TOT","USD_CAP","A","1986",161.83,
"JPN","PHARMAEXP","TOT","USD_CAP","A","1987",185.125,
"JPN","PHARMAEXP","TOT","USD_CAP","A","1988",199.213,
"JPN","PHARMAEXP","TOT","USD_CAP","A","1989",227.077,
"JPN","PHARMAEXP","TOT","USD_CAP","A","1990",232.402,
"JPN","PHARMAEXP","TOT","USD_CAP","A","1991",265.738,
"JPN","PHARMAEXP","TOT","USD_CAP","A","1992",274.829,
"JPN","PHARMAEXP","TOT","USD_CAP","A","1993",295.371,
"JPN","PHARMAEXP","TOT","USD_CAP","A","1994",297.942,
"JPN","PHARMAEXP","TOT","USD_CAP","A","1995",296.304,
"JPN","PHARMAEXP","TOT","USD_CAP","A","1996",301.366,
"JPN","PHARMAEXP","TOT","USD_CAP","A","1997",297.607,
"JPN","PHARMAEXP","TOT","USD_CAP","A","1998",281.556,
"JPN","PHARMAEXP","TOT","USD_CAP","A","1999",302.756,
"JPN","PHARMAEXP","TOT","USD_CAP","A","2000",340.659,
"JPN","PHARMAEXP","TOT","USD_CAP","A","2001",366.395,
"JPN","PHARMAEXP","TOT","USD_CAP","A","2002",384.942,
"JPN","PHARMAEXP","TOT","USD_CAP","A","2003",428.968,
"JPN","PHARMAEXP","TOT","USD_CAP","A","2004",448.731,
"JPN","PHARMAEXP","TOT","USD_CAP","A","2005",489.158,
"JPN","PHARMAEXP","TOT","USD_CAP","A","2006",506.504,
"JPN","PHARMAEXP","TOT","USD_CAP","A","2007",536.992,
"JPN","PHARMAEXP","TOT","USD_CAP","A","2008",557.041,
"JPN","PHARMAEXP","TOT","USD_CAP","A","2009",624.098,
"JPN","PHARMAEXP","TOT","USD_CAP","A","2010",648.898,
"JPN","PHARMAEXP","TOT","USD_CAP","A","2011",707.419,
"JPN","PHARMAEXP","TOT","USD_CAP","A","2012",749.96,
"JPN","PHARMAEXP","TOT","USD_CAP","A","2013",812.268,
"JPN","PHARMAEXP","TOT","USD_CAP","A","2014",813.859,
"JPN","PHARMAEXP","TOT","USD_CAP","A","2015",891.136,
"JPN","PHARMAEXP","TOT","USD_CAP","A","2016",797.703,
"JPN","PHARMAEXP","TOT","USD_CAP","A","2017",806.324,
"JPN","PHARMAEXP","TOT","USD_CAP","A","2018",811.275,
"KOR","PHARMAEXP","TOT","USD_CAP","A","1970",4.062,
"KOR","PHARMAEXP","TOT","USD_CAP","A","1971",3.706,
"KOR","PHARMAEXP","TOT","USD_CAP","A","1972",3.835,
"KOR","PHARMAEXP","TOT","USD_CAP","A","1973",3.936,
"KOR","PHARMAEXP","TOT","USD_CAP","A","1974",3.908,
"KOR","PHARMAEXP","TOT","USD_CAP","A","1975",6.645,
"KOR","PHARMAEXP","TOT","USD_CAP","A","1976",8.14,
"KOR","PHARMAEXP","TOT","USD_CAP","A","1977",8.727,
"KOR","PHARMAEXP","TOT","USD_CAP","A","1978",11.354,
"KOR","PHARMAEXP","TOT","USD_CAP","A","1979",17.281,
"KOR","PHARMAEXP","TOT","USD_CAP","A","1980",19.675,
"KOR","PHARMAEXP","TOT","USD_CAP","A","1981",23.595,
"KOR","PHARMAEXP","TOT","USD_CAP","A","1982",26.401,
"KOR","PHARMAEXP","TOT","USD_CAP","A","1983",30.063,
"KOR","PHARMAEXP","TOT","USD_CAP","A","1984",32.193,
"KOR","PHARMAEXP","TOT","USD_CAP","A","1985",36.052,
"KOR","PHARMAEXP","TOT","USD_CAP","A","1986",40.027,
"KOR","PHARMAEXP","TOT","USD_CAP","A","1987",45.159,
"KOR","PHARMAEXP","TOT","USD_CAP","A","1988",53.892,
"KOR","PHARMAEXP","TOT","USD_CAP","A","1989",69.218,
"KOR","PHARMAEXP","TOT","USD_CAP","A","1990",76.96,
"KOR","PHARMAEXP","TOT","USD_CAP","A","1991",82.109,
"KOR","PHARMAEXP","TOT","USD_CAP","A","1992",88.7,
"KOR","PHARMAEXP","TOT","USD_CAP","A","1993",96.424,
"KOR","PHARMAEXP","TOT","USD_CAP","A","1994",104.081,
"KOR","PHARMAEXP","TOT","USD_CAP","A","1995",117.737,
"KOR","PHARMAEXP","TOT","USD_CAP","A","1996",132.595,
"KOR","PHARMAEXP","TOT","USD_CAP","A","1997",137.819,
"KOR","PHARMAEXP","TOT","USD_CAP","A","1998",129.946,
"KOR","PHARMAEXP","TOT","USD_CAP","A","1999",148.675,
"KOR","PHARMAEXP","TOT","USD_CAP","A","2000",177.339,
"KOR","PHARMAEXP","TOT","USD_CAP","A","2001",221.074,
"KOR","PHARMAEXP","TOT","USD_CAP","A","2002",236.499,
"KOR","PHARMAEXP","TOT","USD_CAP","A","2003",268.335,
"KOR","PHARMAEXP","TOT","USD_CAP","A","2004",285.681,
"KOR","PHARMAEXP","TOT","USD_CAP","A","2005",307.442,
"KOR","PHARMAEXP","TOT","USD_CAP","A","2006",350.414,
"KOR","PHARMAEXP","TOT","USD_CAP","A","2007",380.785,
"KOR","PHARMAEXP","TOT","USD_CAP","A","2008",398.134,
"KOR","PHARMAEXP","TOT","USD_CAP","A","2009",426.765,
"KOR","PHARMAEXP","TOT","USD_CAP","A","2010",463.481,
"KOR","PHARMAEXP","TOT","USD_CAP","A","2011",475.841,
"KOR","PHARMAEXP","TOT","USD_CAP","A","2012",483.09,
"KOR","PHARMAEXP","TOT","USD_CAP","A","2013",471.788,
"KOR","PHARMAEXP","TOT","USD_CAP","A","2014",478.42,
"KOR","PHARMAEXP","TOT","USD_CAP","A","2015",517.207,
"KOR","PHARMAEXP","TOT","USD_CAP","A","2016",553.111,
"KOR","PHARMAEXP","TOT","USD_CAP","A","2017",570.4,
"KOR","PHARMAEXP","TOT","USD_CAP","A","2018",615.872,
"KOR","PHARMAEXP","TOT","USD_CAP","A","2019",660.751,
"KOR","PHARMAEXP","TOT","USD_CAP","A","2020",674.601,"P"
"LUX","PHARMAEXP","TOT","USD_CAP","A","1995",252.135,
"LUX","PHARMAEXP","TOT","USD_CAP","A","1996",255.309,
"LUX","PHARMAEXP","TOT","USD_CAP","A","1997",286.836,
"LUX","PHARMAEXP","TOT","USD_CAP","A","1998",298.717,
"LUX","PHARMAEXP","TOT","USD_CAP","A","1999",338.318,
"LUX","PHARMAEXP","TOT","USD_CAP","A","2000",376.318,"B"
"LUX","PHARMAEXP","TOT","USD_CAP","A","2001",406.861,
"LUX","PHARMAEXP","TOT","USD_CAP","A","2002",462.209,
"LUX","PHARMAEXP","TOT","USD_CAP","A","2003",483.628,
"LUX","PHARMAEXP","TOT","USD_CAP","A","2004",497.202,
"LUX","PHARMAEXP","TOT","USD_CAP","A","2005",498.272,
"LUX","PHARMAEXP","TOT","USD_CAP","A","2006",525.208,
"LUX","PHARMAEXP","TOT","USD_CAP","A","2007",542.602,
"LUX","PHARMAEXP","TOT","USD_CAP","A","2008",555.407,
"LUX","PHARMAEXP","TOT","USD_CAP","A","2009",564.017,
"LUX","PHARMAEXP","TOT","USD_CAP","A","2010",544.098,
"LUX","PHARMAEXP","TOT","USD_CAP","A","2011",428.821,"B"
"LUX","PHARMAEXP","TOT","USD_CAP","A","2012",554.228,"B"
"LUX","PHARMAEXP","TOT","USD_CAP","A","2013",565.568,
"LUX","PHARMAEXP","TOT","USD_CAP","A","2014",550.604,
"LUX","PHARMAEXP","TOT","USD_CAP","A","2015",548.098,
"LUX","PHARMAEXP","TOT","USD_CAP","A","2016",564.384,
"LUX","PHARMAEXP","TOT","USD_CAP","A","2017",570.386,
"LUX","PHARMAEXP","TOT","USD_CAP","A","2018",588.742,
"LUX","PHARMAEXP","TOT","USD_CAP","A","2019",574.109,
"MEX","PHARMAEXP","TOT","USD_CAP","A","1999",90.205,
"MEX","PHARMAEXP","TOT","USD_CAP","A","2000",103.13,
"MEX","PHARMAEXP","TOT","USD_CAP","A","2001",112.854,
"MEX","PHARMAEXP","TOT","USD_CAP","A","2002",129.947,
"MEX","PHARMAEXP","TOT","USD_CAP","A","2003",247.136,"B"
"MEX","PHARMAEXP","TOT","USD_CAP","A","2004",269.017,
"MEX","PHARMAEXP","TOT","USD_CAP","A","2005",274.714,
"MEX","PHARMAEXP","TOT","USD_CAP","A","2006",285.351,
"MEX","PHARMAEXP","TOT","USD_CAP","A","2007",295.162,
"MEX","PHARMAEXP","TOT","USD_CAP","A","2008",298.247,"B"
"MEX","PHARMAEXP","TOT","USD_CAP","A","2009",296.342,
"MEX","PHARMAEXP","TOT","USD_CAP","A","2010",227.814,
"MEX","PHARMAEXP","TOT","USD_CAP","A","2011",206.052,
"MEX","PHARMAEXP","TOT","USD_CAP","A","2012",227.68,
"MEX","PHARMAEXP","TOT","USD_CAP","A","2013",226.219,
"MEX","PHARMAEXP","TOT","USD_CAP","A","2014",227.957,
"MEX","PHARMAEXP","TOT","USD_CAP","A","2015",240.501,
"MEX","PHARMAEXP","TOT","USD_CAP","A","2016",250.617,
"MEX","PHARMAEXP","TOT","USD_CAP","A","2017",252.536,
"MEX","PHARMAEXP","TOT","USD_CAP","A","2018",253.033,
"MEX","PHARMAEXP","TOT","USD_CAP","A","2019",250.961,
"NLD","PHARMAEXP","TOT","USD_CAP","A","1972",36.027,
"NLD","PHARMAEXP","TOT","USD_CAP","A","1973",38.153,
"NLD","PHARMAEXP","TOT","USD_CAP","A","1974",41.106,
"NLD","PHARMAEXP","TOT","USD_CAP","A","1975",44.741,
"NLD","PHARMAEXP","TOT","USD_CAP","A","1976",46.802,
"NLD","PHARMAEXP","TOT","USD_CAP","A","1977",49.649,
"NLD","PHARMAEXP","TOT","USD_CAP","A","1978",54.1,
"NLD","PHARMAEXP","TOT","USD_CAP","A","1979",58.208,
"NLD","PHARMAEXP","TOT","USD_CAP","A","1980",63.051,
"NLD","PHARMAEXP","TOT","USD_CAP","A","1981",67.611,
"NLD","PHARMAEXP","TOT","USD_CAP","A","1982",74.793,
"NLD","PHARMAEXP","TOT","USD_CAP","A","1983",77.405,
"NLD","PHARMAEXP","TOT","USD_CAP","A","1984",86.877,
"NLD","PHARMAEXP","TOT","USD_CAP","A","1985",93.648,
"NLD","PHARMAEXP","TOT","USD_CAP","A","1986",103.08,
"NLD","PHARMAEXP","TOT","USD_CAP","A","1987",112.891,
"NLD","PHARMAEXP","TOT","USD_CAP","A","1988",119.871,
"NLD","PHARMAEXP","TOT","USD_CAP","A","1989",126.426,
"NLD","PHARMAEXP","TOT","USD_CAP","A","1990",142.137,
"NLD","PHARMAEXP","TOT","USD_CAP","A","1991",152.018,
"NLD","PHARMAEXP","TOT","USD_CAP","A","1992",174.35,
"NLD","PHARMAEXP","TOT","USD_CAP","A","1993",189.765,
"NLD","PHARMAEXP","TOT","USD_CAP","A","1994",192.484,
"NLD","PHARMAEXP","TOT","USD_CAP","A","1995",203.421,
"NLD","PHARMAEXP","TOT","USD_CAP","A","1996",211.649,
"NLD","PHARMAEXP","TOT","USD_CAP","A","1997",216.354,
"NLD","PHARMAEXP","TOT","USD_CAP","A","1998",257.865,"B"
"NLD","PHARMAEXP","TOT","USD_CAP","A","1999",283.484,
"NLD","PHARMAEXP","TOT","USD_CAP","A","2000",318.211,
"NLD","PHARMAEXP","TOT","USD_CAP","A","2001",339.82,
"NLD","PHARMAEXP","TOT","USD_CAP","A","2002",376.736,
"NLD","PHARMAEXP","TOT","USD_CAP","A","2003",376.312,
"NLD","PHARMAEXP","TOT","USD_CAP","A","2004",390.237,
"NLD","PHARMAEXP","TOT","USD_CAP","A","2005",399.559,
"NLD","PHARMAEXP","TOT","USD_CAP","A","2006",408.304,
"NLD","PHARMAEXP","TOT","USD_CAP","A","2007",443.943,
"NLD","PHARMAEXP","TOT","USD_CAP","A","2008",436.712,
"NLD","PHARMAEXP","TOT","USD_CAP","A","2009",426.748,
"NLD","PHARMAEXP","TOT","USD_CAP","A","2010",423.683,
"NLD","PHARMAEXP","TOT","USD_CAP","A","2011",426.658,
"NLD","PHARMAEXP","TOT","USD_CAP","A","2012",390.869,
"NLD","PHARMAEXP","TOT","USD_CAP","A","2013",377.545,
"NLD","PHARMAEXP","TOT","USD_CAP","A","2014",370.986,
"NLD","PHARMAEXP","TOT","USD_CAP","A","2015",380.966,
"NLD","PHARMAEXP","TOT","USD_CAP","A","2016",392.751,
"NLD","PHARMAEXP","TOT","USD_CAP","A","2017",398.395,
"NLD","PHARMAEXP","TOT","USD_CAP","A","2018",408.198,
"NLD","PHARMAEXP","TOT","USD_CAP","A","2019",418.986,
"NLD","PHARMAEXP","TOT","USD_CAP","A","2020",433.689,"P"
"NZL","PHARMAEXP","TOT","USD_CAP","A","1971",25.955,
"NZL","PHARMAEXP","TOT","USD_CAP","A","1976",43.179,
"NZL","PHARMAEXP","TOT","USD_CAP","A","1980",59.35,
"NZL","PHARMAEXP","TOT","USD_CAP","A","1981",61.05,
"NZL","PHARMAEXP","TOT","USD_CAP","A","1982",68.055,
"NZL","PHARMAEXP","TOT","USD_CAP","A","1983",75.837,
"NZL","PHARMAEXP","TOT","USD_CAP","A","1984",80.077,
"NZL","PHARMAEXP","TOT","USD_CAP","A","1985",80.617,
"NZL","PHARMAEXP","TOT","USD_CAP","A","1986",96.543,
"NZL","PHARMAEXP","TOT","USD_CAP","A","1987",112.805,
"NZL","PHARMAEXP","TOT","USD_CAP","A","1988",125.715,
"NZL","PHARMAEXP","TOT","USD_CAP","A","1989",136.436,
"NZL","PHARMAEXP","TOT","USD_CAP","A","1990",140.608,
"NZL","PHARMAEXP","TOT","USD_CAP","A","1991",150.392,
"NZL","PHARMAEXP","TOT","USD_CAP","A","1992",159.462,
"NZL","PHARMAEXP","TOT","USD_CAP","A","1993",174.04,
"NZL","PHARMAEXP","TOT","USD_CAP","A","1994",197.04,
"NZL","PHARMAEXP","TOT","USD_CAP","A","1995",192.972,
"NZL","PHARMAEXP","TOT","USD_CAP","A","1996",195.016,
"NZL","PHARMAEXP","TOT","USD_CAP","A","1997",203.689,
"NZL","PHARMAEXP","TOT","USD_CAP","A","2004",223.605,
"NZL","PHARMAEXP","TOT","USD_CAP","A","2005",234.745,
"NZL","PHARMAEXP","TOT","USD_CAP","A","2006",275.672,
"NZL","PHARMAEXP","TOT","USD_CAP","A","2007",263.887,
"NOR","PHARMAEXP","TOT","USD_CAP","A","1970",13.188,
"NOR","PHARMAEXP","TOT","USD_CAP","A","1971",14.218,
"NOR","PHARMAEXP","TOT","USD_CAP","A","1972",14.893,
"NOR","PHARMAEXP","TOT","USD_CAP","A","1973",16.731,
"NOR","PHARMAEXP","TOT","USD_CAP","A","1974",19.737,
"NOR","PHARMAEXP","TOT","USD_CAP","A","1975",23.241,
"NOR","PHARMAEXP","TOT","USD_CAP","A","1976",25.335,
"NOR","PHARMAEXP","TOT","USD_CAP","A","1977",26.776,
"NOR","PHARMAEXP","TOT","USD_CAP","A","1978",27.865,
"NOR","PHARMAEXP","TOT","USD_CAP","A","1979",30.364,
"NOR","PHARMAEXP","TOT","USD_CAP","A","1980",66.94,
"NOR","PHARMAEXP","TOT","USD_CAP","A","1981",73.372,
"NOR","PHARMAEXP","TOT","USD_CAP","A","1982",80.036,
"NOR","PHARMAEXP","TOT","USD_CAP","A","1983",86.471,
"NOR","PHARMAEXP","TOT","USD_CAP","A","1984",91.712,
"NOR","PHARMAEXP","TOT","USD_CAP","A","1985",96.708,
"NOR","PHARMAEXP","TOT","USD_CAP","A","1986",101.38,
"NOR","PHARMAEXP","TOT","USD_CAP","A","1987",106.949,
"NOR","PHARMAEXP","TOT","USD_CAP","A","1988",83.374,
"NOR","PHARMAEXP","TOT","USD_CAP","A","1989",90.612,
"NOR","PHARMAEXP","TOT","USD_CAP","A","1990",104.091,
"NOR","PHARMAEXP","TOT","USD_CAP","A","1991",115.368,
"NOR","PHARMAEXP","TOT","USD_CAP","A","1992",122.844,
"NOR","PHARMAEXP","TOT","USD_CAP","A","1993",161.921,"B"
"NOR","PHARMAEXP","TOT","USD_CAP","A","1994",154.79,
"NOR","PHARMAEXP","TOT","USD_CAP","A","1995",168.115,
"NOR","PHARMAEXP","TOT","USD_CAP","A","1996",186.019,
"NOR","PHARMAEXP","TOT","USD_CAP","A","1997",211.587,"B"
"NOR","PHARMAEXP","TOT","USD_CAP","A","1998",226.976,
"NOR","PHARMAEXP","TOT","USD_CAP","A","1999",241.838,
"NOR","PHARMAEXP","TOT","USD_CAP","A","2000",285.175,
"NOR","PHARMAEXP","TOT","USD_CAP","A","2001",293.509,"B"
"NOR","PHARMAEXP","TOT","USD_CAP","A","2002",340.847,
"NOR","PHARMAEXP","TOT","USD_CAP","A","2003",340.488,
"NOR","PHARMAEXP","TOT","USD_CAP","A","2004",367.783,
"NOR","PHARMAEXP","TOT","USD_CAP","A","2005",361.461,
"NOR","PHARMAEXP","TOT","USD_CAP","A","2006",365.882,
"NOR","PHARMAEXP","TOT","USD_CAP","A","2007",369.716,
"NOR","PHARMAEXP","TOT","USD_CAP","A","2008",366.042,
"NOR","PHARMAEXP","TOT","USD_CAP","A","2009",356.287,
"NOR","PHARMAEXP","TOT","USD_CAP","A","2010",365.752,
"NOR","PHARMAEXP","TOT","USD_CAP","A","2011",397.13,
"NOR","PHARMAEXP","TOT","USD_CAP","A","2012",402.861,
"NOR","PHARMAEXP","TOT","USD_CAP","A","2013",416.313,
"NOR","PHARMAEXP","TOT","USD_CAP","A","2014",427.47,
"NOR","PHARMAEXP","TOT","USD_CAP","A","2015",439.571,
"NOR","PHARMAEXP","TOT","USD_CAP","A","2016",446.702,
"NOR","PHARMAEXP","TOT","USD_CAP","A","2017",476.049,
"NOR","PHARMAEXP","TOT","USD_CAP","A","2018",477.65,
"NOR","PHARMAEXP","TOT","USD_CAP","A","2019",471.195,
"NOR","PHARMAEXP","TOT","USD_CAP","A","2020",485.509,"P"
"POL","PHARMAEXP","TOT","USD_CAP","A","2002",228.42,
"POL","PHARMAEXP","TOT","USD_CAP","A","2003",246.721,
"POL","PHARMAEXP","TOT","USD_CAP","A","2004",259.599,
"POL","PHARMAEXP","TOT","USD_CAP","A","2005",248.394,
"POL","PHARMAEXP","TOT","USD_CAP","A","2006",260.145,
"POL","PHARMAEXP","TOT","USD_CAP","A","2007",278.763,
"POL","PHARMAEXP","TOT","USD_CAP","A","2008",300.86,
"POL","PHARMAEXP","TOT","USD_CAP","A","2009",323.094,
"POL","PHARMAEXP","TOT","USD_CAP","A","2010",346.526,
"POL","PHARMAEXP","TOT","USD_CAP","A","2011",361.408,
"POL","PHARMAEXP","TOT","USD_CAP","A","2012",351.322,
"POL","PHARMAEXP","TOT","USD_CAP","A","2013",362.625,
"POL","PHARMAEXP","TOT","USD_CAP","A","2014",362.176,
"POL","PHARMAEXP","TOT","USD_CAP","A","2015",385.842,
"POL","PHARMAEXP","TOT","USD_CAP","A","2016",411.073,
"POL","PHARMAEXP","TOT","USD_CAP","A","2017",419.371,
"POL","PHARMAEXP","TOT","USD_CAP","A","2018",441.424,
"POL","PHARMAEXP","TOT","USD_CAP","A","2019",450.98,
"PRT","PHARMAEXP","TOT","USD_CAP","A","1970",6.336,
"PRT","PHARMAEXP","TOT","USD_CAP","A","1977",32.678,
"PRT","PHARMAEXP","TOT","USD_CAP","A","1978",43.52,
"PRT","PHARMAEXP","TOT","USD_CAP","A","1979",47.804,
"PRT","PHARMAEXP","TOT","USD_CAP","A","1980",53.524,
"PRT","PHARMAEXP","TOT","USD_CAP","A","1981",56.224,
"PRT","PHARMAEXP","TOT","USD_CAP","A","1982",59.815,
"PRT","PHARMAEXP","TOT","USD_CAP","A","1983",61.999,
"PRT","PHARMAEXP","TOT","USD_CAP","A","1984",64.579,
"PRT","PHARMAEXP","TOT","USD_CAP","A","1985",96.319,
"PRT","PHARMAEXP","TOT","USD_CAP","A","1986",106.496,
"PRT","PHARMAEXP","TOT","USD_CAP","A","1987",125.243,
"PRT","PHARMAEXP","TOT","USD_CAP","A","1988",133.642,
"PRT","PHARMAEXP","TOT","USD_CAP","A","1989",140.143,
"PRT","PHARMAEXP","TOT","USD_CAP","A","1990",159.296,
"PRT","PHARMAEXP","TOT","USD_CAP","A","1991",181.701,
"PRT","PHARMAEXP","TOT","USD_CAP","A","1992",200.064,
"PRT","PHARMAEXP","TOT","USD_CAP","A","1993",215.593,
"PRT","PHARMAEXP","TOT","USD_CAP","A","1994",224.223,
"PRT","PHARMAEXP","TOT","USD_CAP","A","1995",244.75,"B"
"PRT","PHARMAEXP","TOT","USD_CAP","A","1996",267.148,
"PRT","PHARMAEXP","TOT","USD_CAP","A","1997",282.608,
"PRT","PHARMAEXP","TOT","USD_CAP","A","1998",288.251,
"PRT","PHARMAEXP","TOT","USD_CAP","A","2000",354.158,"B"
"PRT","PHARMAEXP","TOT","USD_CAP","A","2001",379.291,
"PRT","PHARMAEXP","TOT","USD_CAP","A","2002",409.288,
"PRT","PHARMAEXP","TOT","USD_CAP","A","2003",423.561,
"PRT","PHARMAEXP","TOT","USD_CAP","A","2004",460.708,
"PRT","PHARMAEXP","TOT","USD_CAP","A","2005",478.311,
"PRT","PHARMAEXP","TOT","USD_CAP","A","2006",495.533,
"PRT","PHARMAEXP","TOT","USD_CAP","A","2007",505.471,
"PRT","PHARMAEXP","TOT","USD_CAP","A","2008",512.518,
"PRT","PHARMAEXP","TOT","USD_CAP","A","2009",502.712,
"PRT","PHARMAEXP","TOT","USD_CAP","A","2010",496.026,
"PRT","PHARMAEXP","TOT","USD_CAP","A","2011",450.09,
"PRT","PHARMAEXP","TOT","USD_CAP","A","2012",413.738,
"PRT","PHARMAEXP","TOT","USD_CAP","A","2013",402.222,
"PRT","PHARMAEXP","TOT","USD_CAP","A","2014",403.211,
"PRT","PHARMAEXP","TOT","USD_CAP","A","2015",418.613,
"PRT","PHARMAEXP","TOT","USD_CAP","A","2016",434.328,
"PRT","PHARMAEXP","TOT","USD_CAP","A","2017",436.34,
"PRT","PHARMAEXP","TOT","USD_CAP","A","2018",462.714,
"PRT","PHARMAEXP","TOT","USD_CAP","A","2019",494.667,
"SVK","PHARMAEXP","TOT","USD_CAP","A","1999",229.096,
"SVK","PHARMAEXP","TOT","USD_CAP","A","2000",239.416,
"SVK","PHARMAEXP","TOT","USD_CAP","A","2001",262.895,
"SVK","PHARMAEXP","TOT","USD_CAP","A","2002",326.289,
"SVK","PHARMAEXP","TOT","USD_CAP","A","2003",352.649,
"SVK","PHARMAEXP","TOT","USD_CAP","A","2004",376.203,
"SVK","PHARMAEXP","TOT","USD_CAP","A","2005",396.542,"B"
"SVK","PHARMAEXP","TOT","USD_CAP","A","2006",417.611,
"SVK","PHARMAEXP","TOT","USD_CAP","A","2007",465.118,
"SVK","PHARMAEXP","TOT","USD_CAP","A","2008",508.8,
"SVK","PHARMAEXP","TOT","USD_CAP","A","2009",533.371,
"SVK","PHARMAEXP","TOT","USD_CAP","A","2010",587.528,
"SVK","PHARMAEXP","TOT","USD_CAP","A","2011",567.145,
"SVK","PHARMAEXP","TOT","USD_CAP","A","2012",556.726,"B"
"SVK","PHARMAEXP","TOT","USD_CAP","A","2013",571.491,
"SVK","PHARMAEXP","TOT","USD_CAP","A","2014",543.317,
"SVK","PHARMAEXP","TOT","USD_CAP","A","2015",553.201,
"SVK","PHARMAEXP","TOT","USD_CAP","A","2016",542.415,
"SVK","PHARMAEXP","TOT","USD_CAP","A","2017",521.065,
"SVK","PHARMAEXP","TOT","USD_CAP","A","2018",522.875,
"SVK","PHARMAEXP","TOT","USD_CAP","A","2019",534.983,
"ESP","PHARMAEXP","TOT","USD_CAP","A","1980",71.922,
"ESP","PHARMAEXP","TOT","USD_CAP","A","1981",77.333,
"ESP","PHARMAEXP","TOT","USD_CAP","A","1982",86.197,
"ESP","PHARMAEXP","TOT","USD_CAP","A","1983",86.685,
"ESP","PHARMAEXP","TOT","USD_CAP","A","1984",82.49,
"ESP","PHARMAEXP","TOT","USD_CAP","A","1985",93.438,
"ESP","PHARMAEXP","TOT","USD_CAP","A","1986",92.567,
"ESP","PHARMAEXP","TOT","USD_CAP","A","1987",100.666,
"ESP","PHARMAEXP","TOT","USD_CAP","A","1988",117.161,
"ESP","PHARMAEXP","TOT","USD_CAP","A","1989",133.871,
"ESP","PHARMAEXP","TOT","USD_CAP","A","1990",152.254,
"ESP","PHARMAEXP","TOT","USD_CAP","A","1995",222.446,
"ESP","PHARMAEXP","TOT","USD_CAP","A","1996",238.96,
"ESP","PHARMAEXP","TOT","USD_CAP","A","1997",262.38,
"ESP","PHARMAEXP","TOT","USD_CAP","A","1998",281.878,
"ESP","PHARMAEXP","TOT","USD_CAP","A","1999",303.135,"B"
"ESP","PHARMAEXP","TOT","USD_CAP","A","2000",334.502,
"ESP","PHARMAEXP","TOT","USD_CAP","A","2001",358.851,
"ESP","PHARMAEXP","TOT","USD_CAP","A","2002",408.498,
"ESP","PHARMAEXP","TOT","USD_CAP","A","2003",431.493,"B"
"ESP","PHARMAEXP","TOT","USD_CAP","A","2004",438.924,
"ESP","PHARMAEXP","TOT","USD_CAP","A","2005",441.063,
"ESP","PHARMAEXP","TOT","USD_CAP","A","2006",450.21,
"ESP","PHARMAEXP","TOT","USD_CAP","A","2007",449.33,
"ESP","PHARMAEXP","TOT","USD_CAP","A","2008",467.136,
"ESP","PHARMAEXP","TOT","USD_CAP","A","2009",473.414,
"ESP","PHARMAEXP","TOT","USD_CAP","A","2010",466.976,
"ESP","PHARMAEXP","TOT","USD_CAP","A","2011",446.39,
"ESP","PHARMAEXP","TOT","USD_CAP","A","2012",431.254,
"ESP","PHARMAEXP","TOT","USD_CAP","A","2013",449.956,
"ESP","PHARMAEXP","TOT","USD_CAP","A","2014",446.084,
"ESP","PHARMAEXP","TOT","USD_CAP","A","2015",461.926,
"ESP","PHARMAEXP","TOT","USD_CAP","A","2016",499.864,
"ESP","PHARMAEXP","TOT","USD_CAP","A","2017",510.509,
"ESP","PHARMAEXP","TOT","USD_CAP","A","2018",524.218,
"ESP","PHARMAEXP","TOT","USD_CAP","A","2019",532.088,"P"
"SWE","PHARMAEXP","TOT","USD_CAP","A","1970",20.824,
"SWE","PHARMAEXP","TOT","USD_CAP","A","1971",23.773,
"SWE","PHARMAEXP","TOT","USD_CAP","A","1972",28.101,
"SWE","PHARMAEXP","TOT","USD_CAP","A","1973",33.479,
"SWE","PHARMAEXP","TOT","USD_CAP","A","1974",37.736,
"SWE","PHARMAEXP","TOT","USD_CAP","A","1975",42.901,
"SWE","PHARMAEXP","TOT","USD_CAP","A","1976",45.438,
"SWE","PHARMAEXP","TOT","USD_CAP","A","1977",49.887,
"SWE","PHARMAEXP","TOT","USD_CAP","A","1978",52.069,
"SWE","PHARMAEXP","TOT","USD_CAP","A","1979",56.94,
"SWE","PHARMAEXP","TOT","USD_CAP","A","1980",62.556,
"SWE","PHARMAEXP","TOT","USD_CAP","A","1981",67.701,
"SWE","PHARMAEXP","TOT","USD_CAP","A","1982",74.604,
"SWE","PHARMAEXP","TOT","USD_CAP","A","1983",78.44,
"SWE","PHARMAEXP","TOT","USD_CAP","A","1984",80.24,
"SWE","PHARMAEXP","TOT","USD_CAP","A","1985",85.851,
"SWE","PHARMAEXP","TOT","USD_CAP","A","1986",91.507,
"SWE","PHARMAEXP","TOT","USD_CAP","A","1987",100.501,
"SWE","PHARMAEXP","TOT","USD_CAP","A","1988",98.684,
"SWE","PHARMAEXP","TOT","USD_CAP","A","1989",121.352,
"SWE","PHARMAEXP","TOT","USD_CAP","A","1990",128.344,
"SWE","PHARMAEXP","TOT","USD_CAP","A","1991",135.318,
"SWE","PHARMAEXP","TOT","USD_CAP","A","1992",155.151,
"SWE","PHARMAEXP","TOT","USD_CAP","A","1993",170.318,"B"
"SWE","PHARMAEXP","TOT","USD_CAP","A","1994",187.401,
"SWE","PHARMAEXP","TOT","USD_CAP","A","1995",205.873,
"SWE","PHARMAEXP","TOT","USD_CAP","A","1996",240.818,
"SWE","PHARMAEXP","TOT","USD_CAP","A","1997",222.535,
"SWE","PHARMAEXP","TOT","USD_CAP","A","1998",258.235,
"SWE","PHARMAEXP","TOT","USD_CAP","A","1999",286.758,
"SWE","PHARMAEXP","TOT","USD_CAP","A","2000",318.524,
"SWE","PHARMAEXP","TOT","USD_CAP","A","2001",356.325,
"SWE","PHARMAEXP","TOT","USD_CAP","A","2002",394.618,
"SWE","PHARMAEXP","TOT","USD_CAP","A","2003",386.781,
"SWE","PHARMAEXP","TOT","USD_CAP","A","2004",398.088,
"SWE","PHARMAEXP","TOT","USD_CAP","A","2005",398.239,
"SWE","PHARMAEXP","TOT","USD_CAP","A","2006",426.673,
"SWE","PHARMAEXP","TOT","USD_CAP","A","2007",447.794,
"SWE","PHARMAEXP","TOT","USD_CAP","A","2008",474.447,
"SWE","PHARMAEXP","TOT","USD_CAP","A","2009",475.09,
"SWE","PHARMAEXP","TOT","USD_CAP","A","2010",466.239,
"SWE","PHARMAEXP","TOT","USD_CAP","A","2011",467.145,
"SWE","PHARMAEXP","TOT","USD_CAP","A","2012",484.705,
"SWE","PHARMAEXP","TOT","USD_CAP","A","2013",475.572,
"SWE","PHARMAEXP","TOT","USD_CAP","A","2014",487.696,
"SWE","PHARMAEXP","TOT","USD_CAP","A","2015",504.915,
"SWE","PHARMAEXP","TOT","USD_CAP","A","2016",524.404,
"SWE","PHARMAEXP","TOT","USD_CAP","A","2017",512.816,
"SWE","PHARMAEXP","TOT","USD_CAP","A","2018",540.978,
"SWE","PHARMAEXP","TOT","USD_CAP","A","2019",539.718,
"CHE","PHARMAEXP","TOT","USD_CAP","A","2010",626.453,
"CHE","PHARMAEXP","TOT","USD_CAP","A","2011",638.87,
"CHE","PHARMAEXP","TOT","USD_CAP","A","2012",667.643,
"CHE","PHARMAEXP","TOT","USD_CAP","A","2013",699.238,
"CHE","PHARMAEXP","TOT","USD_CAP","A","2014",715.159,
"CHE","PHARMAEXP","TOT","USD_CAP","A","2015",756.463,
"CHE","PHARMAEXP","TOT","USD_CAP","A","2016",812.015,
"CHE","PHARMAEXP","TOT","USD_CAP","A","2017",825.709,"B"
"CHE","PHARMAEXP","TOT","USD_CAP","A","2018",843.675,"B"
"CHE","PHARMAEXP","TOT","USD_CAP","A","2019",849.556,
"TUR","PHARMAEXP","TOT","USD_CAP","A","1981",9.685,
"TUR","PHARMAEXP","TOT","USD_CAP","A","1982",10.331,
"TUR","PHARMAEXP","TOT","USD_CAP","A","1983",10.565,
"TUR","PHARMAEXP","TOT","USD_CAP","A","1984",10.054,
"TUR","PHARMAEXP","TOT","USD_CAP","A","1985",9.674,
"TUR","PHARMAEXP","TOT","USD_CAP","A","1986",11.917,
"TUR","PHARMAEXP","TOT","USD_CAP","A","1987",13.239,
"TUR","PHARMAEXP","TOT","USD_CAP","A","1990",33.578,
"TUR","PHARMAEXP","TOT","USD_CAP","A","1994",56.784,
"TUR","PHARMAEXP","TOT","USD_CAP","A","1999",100.909,"B"
"TUR","PHARMAEXP","TOT","USD_CAP","A","2000",120.081,
"GBR","PHARMAEXP","TOT","USD_CAP","A","1970",19.585,
"GBR","PHARMAEXP","TOT","USD_CAP","A","1971",21.425,
"GBR","PHARMAEXP","TOT","USD_CAP","A","1972",23.017,
"GBR","PHARMAEXP","TOT","USD_CAP","A","1973",24.321,
"GBR","PHARMAEXP","TOT","USD_CAP","A","1974",29.385,
"GBR","PHARMAEXP","TOT","USD_CAP","A","1975",28.6,
"GBR","PHARMAEXP","TOT","USD_CAP","A","1976",32.017,
"GBR","PHARMAEXP","TOT","USD_CAP","A","1977",35.56,
"GBR","PHARMAEXP","TOT","USD_CAP","A","1978",40.379,
"GBR","PHARMAEXP","TOT","USD_CAP","A","1979",44.402,
"GBR","PHARMAEXP","TOT","USD_CAP","A","1980",52.019,
"GBR","PHARMAEXP","TOT","USD_CAP","A","1981",57.989,
"GBR","PHARMAEXP","TOT","USD_CAP","A","1982",64.88,
"GBR","PHARMAEXP","TOT","USD_CAP","A","1983",71.614,
"GBR","PHARMAEXP","TOT","USD_CAP","A","1984",78.925,
"GBR","PHARMAEXP","TOT","USD_CAP","A","1985",82.364,
"GBR","PHARMAEXP","TOT","USD_CAP","A","1986",87.07,
"GBR","PHARMAEXP","TOT","USD_CAP","A","1987",91.732,
"GBR","PHARMAEXP","TOT","USD_CAP","A","1988",100.745,
"GBR","PHARMAEXP","TOT","USD_CAP","A","1989",109.144,
"GBR","PHARMAEXP","TOT","USD_CAP","A","1990",113.197,
"GBR","PHARMAEXP","TOT","USD_CAP","A","1991",123.705,
"GBR","PHARMAEXP","TOT","USD_CAP","A","1992",140.249,
"GBR","PHARMAEXP","TOT","USD_CAP","A","1993",154.303,
"GBR","PHARMAEXP","TOT","USD_CAP","A","1994",168.593,
"GBR","PHARMAEXP","TOT","USD_CAP","A","1995",176.163,
"GBR","PHARMAEXP","TOT","USD_CAP","A","1996",193.66,
"GBR","PHARMAEXP","TOT","USD_CAP","A","2013",467.816,
"GBR","PHARMAEXP","TOT","USD_CAP","A","2014",476.031,
"GBR","PHARMAEXP","TOT","USD_CAP","A","2015",481.519,
"GBR","PHARMAEXP","TOT","USD_CAP","A","2016",498.327,
"GBR","PHARMAEXP","TOT","USD_CAP","A","2017",512.411,
"GBR","PHARMAEXP","TOT","USD_CAP","A","2018",510.829,
"GBR","PHARMAEXP","TOT","USD_CAP","A","2019",515.485,
"USA","PHARMAEXP","TOT","USD_CAP","A","1987",171.834,
"USA","PHARMAEXP","TOT","USD_CAP","A","1988",189.545,
"USA","PHARMAEXP","TOT","USD_CAP","A","1989",209.722,
"USA","PHARMAEXP","TOT","USD_CAP","A","1990",235.469,
"USA","PHARMAEXP","TOT","USD_CAP","A","1991",251.462,
"USA","PHARMAEXP","TOT","USD_CAP","A","1992",257.468,
"USA","PHARMAEXP","TOT","USD_CAP","A","1993",265.437,
"USA","PHARMAEXP","TOT","USD_CAP","A","1994",276.718,
"USA","PHARMAEXP","TOT","USD_CAP","A","1995",300.923,
"USA","PHARMAEXP","TOT","USD_CAP","A","1996",330.937,
"USA","PHARMAEXP","TOT","USD_CAP","A","1997",363.952,
"USA","PHARMAEXP","TOT","USD_CAP","A","1998",402.545,
"USA","PHARMAEXP","TOT","USD_CAP","A","1999",463.851,
"USA","PHARMAEXP","TOT","USD_CAP","A","2000",521.677,
"USA","PHARMAEXP","TOT","USD_CAP","A","2001",584.779,
"USA","PHARMAEXP","TOT","USD_CAP","A","2002",652.646,
"USA","PHARMAEXP","TOT","USD_CAP","A","2003",723.841,
"USA","PHARMAEXP","TOT","USD_CAP","A","2004",779.91,
"USA","PHARMAEXP","TOT","USD_CAP","A","2005",826.029,
"USA","PHARMAEXP","TOT","USD_CAP","A","2006",894.044,
"USA","PHARMAEXP","TOT","USD_CAP","A","2007",933.087,
"USA","PHARMAEXP","TOT","USD_CAP","A","2008",952.447,
"USA","PHARMAEXP","TOT","USD_CAP","A","2009",984.105,
"USA","PHARMAEXP","TOT","USD_CAP","A","2010",986.647,
"USA","PHARMAEXP","TOT","USD_CAP","A","2011",1004.281,
"USA","PHARMAEXP","TOT","USD_CAP","A","2012",1013.928,
"USA","PHARMAEXP","TOT","USD_CAP","A","2013",1031.058,
"USA","PHARMAEXP","TOT","USD_CAP","A","2014",1142.182,
"USA","PHARMAEXP","TOT","USD_CAP","A","2015",1227.686,
"USA","PHARMAEXP","TOT","USD_CAP","A","2016",1245.305,
"USA","PHARMAEXP","TOT","USD_CAP","A","2017",1267.624,
"USA","PHARMAEXP","TOT","USD_CAP","A","2018",1308.752,
"USA","PHARMAEXP","TOT","USD_CAP","A","2019",1376.27,
"EST","PHARMAEXP","TOT","USD_CAP","A","1999",101.901,
"EST","PHARMAEXP","TOT","USD_CAP","A","2000",123.699,
"EST","PHARMAEXP","TOT","USD_CAP","A","2001",139.083,
"EST","PHARMAEXP","TOT","USD_CAP","A","2002",169.659,
"EST","PHARMAEXP","TOT","USD_CAP","A","2003",179.953,
"EST","PHARMAEXP","TOT","USD_CAP","A","2004",208.659,"B"
"EST","PHARMAEXP","TOT","USD_CAP","A","2005",205.453,
"EST","PHARMAEXP","TOT","USD_CAP","A","2006",199.008,
"EST","PHARMAEXP","TOT","USD_CAP","A","2007",226.293,
"EST","PHARMAEXP","TOT","USD_CAP","A","2008",242.689,
"EST","PHARMAEXP","TOT","USD_CAP","A","2009",261.758,
"EST","PHARMAEXP","TOT","USD_CAP","A","2010",279.081,
"EST","PHARMAEXP","TOT","USD_CAP","A","2011",278.914,
"EST","PHARMAEXP","TOT","USD_CAP","A","2012",305.288,
"EST","PHARMAEXP","TOT","USD_CAP","A","2013",316.199,
"EST","PHARMAEXP","TOT","USD_CAP","A","2014",327.704,
"EST","PHARMAEXP","TOT","USD_CAP","A","2015",340.314,
"EST","PHARMAEXP","TOT","USD_CAP","A","2016",385.885,
"EST","PHARMAEXP","TOT","USD_CAP","A","2017",386.578,
"EST","PHARMAEXP","TOT","USD_CAP","A","2018",411.233,
"EST","PHARMAEXP","TOT","USD_CAP","A","2019",416.303,
"ISR","PHARMAEXP","TOT","USD_CAP","A","2006",232.983,"B"
"ISR","PHARMAEXP","TOT","USD_CAP","A","2007",252.202,
"ISR","PHARMAEXP","TOT","USD_CAP","A","2008",247.841,
"ISR","PHARMAEXP","TOT","USD_CAP","A","2009",268.231,
"ISR","PHARMAEXP","TOT","USD_CAP","A","2010",269.02,
"ISR","PHARMAEXP","TOT","USD_CAP","A","2011",279.705,
"ISR","PHARMAEXP","TOT","USD_CAP","A","2012",294.604,
"ISR","PHARMAEXP","TOT","USD_CAP","A","2013",290.03,
"ISR","PHARMAEXP","TOT","USD_CAP","A","2014",287.708,
"ISR","PHARMAEXP","TOT","USD_CAP","A","2015",309.568,
"ISR","PHARMAEXP","TOT","USD_CAP","A","2016",329.683,
"ISR","PHARMAEXP","TOT","USD_CAP","A","2017",333.69,
"SVN","PHARMAEXP","TOT","USD_CAP","A","2002",383.621,
"SVN","PHARMAEXP","TOT","USD_CAP","A","2003",378.862,
"SVN","PHARMAEXP","TOT","USD_CAP","A","2004",394.426,
"SVN","PHARMAEXP","TOT","USD_CAP","A","2005",404.795,
"SVN","PHARMAEXP","TOT","USD_CAP","A","2006",419.752,
"SVN","PHARMAEXP","TOT","USD_CAP","A","2007",414.566,
"SVN","PHARMAEXP","TOT","USD_CAP","A","2008",438.138,
"SVN","PHARMAEXP","TOT","USD_CAP","A","2009",448.281,
"SVN","PHARMAEXP","TOT","USD_CAP","A","2010",458.972,
"SVN","PHARMAEXP","TOT","USD_CAP","A","2011",464.77,
"SVN","PHARMAEXP","TOT","USD_CAP","A","2012",489.476,
"SVN","PHARMAEXP","TOT","USD_CAP","A","2013",501.44,
"SVN","PHARMAEXP","TOT","USD_CAP","A","2014",463.397,"B"
"SVN","PHARMAEXP","TOT","USD_CAP","A","2015",470.779,
"SVN","PHARMAEXP","TOT","USD_CAP","A","2016",500.274,
"SVN","PHARMAEXP","TOT","USD_CAP","A","2017",521.069,
"SVN","PHARMAEXP","TOT","USD_CAP","A","2018",549.661,
"SVN","PHARMAEXP","TOT","USD_CAP","A","2019",573.623,
"LVA","PHARMAEXP","TOT","USD_CAP","A","2004",188.559,
"LVA","PHARMAEXP","TOT","USD_CAP","A","2005",189.344,
"LVA","PHARMAEXP","TOT","USD_CAP","A","2006",217.403,
"LVA","PHARMAEXP","TOT","USD_CAP","A","2007",299.449,
"LVA","PHARMAEXP","TOT","USD_CAP","A","2008",240.267,
"LVA","PHARMAEXP","TOT","USD_CAP","A","2009",245.64,
"LVA","PHARMAEXP","TOT","USD_CAP","A","2010",277.723,
"LVA","PHARMAEXP","TOT","USD_CAP","A","2011",281.157,
"LVA","PHARMAEXP","TOT","USD_CAP","A","2012",295.051,
"LVA","PHARMAEXP","TOT","USD_CAP","A","2013",323.219,"B"
"LVA","PHARMAEXP","TOT","USD_CAP","A","2014",346.969,
"LVA","PHARMAEXP","TOT","USD_CAP","A","2015",388.368,
"LVA","PHARMAEXP","TOT","USD_CAP","A","2016",456.476,
"LVA","PHARMAEXP","TOT","USD_CAP","A","2017",459.409,
"LVA","PHARMAEXP","TOT","USD_CAP","A","2018",494.578,
"LVA","PHARMAEXP","TOT","USD_CAP","A","2019",489.576,
"LTU","PHARMAEXP","TOT","USD_CAP","A","2004",267.679,"B"
"LTU","PHARMAEXP","TOT","USD_CAP","A","2005",304.162,
"LTU","PHARMAEXP","TOT","USD_CAP","A","2006",313.101,"B"
"LTU","PHARMAEXP","TOT","USD_CAP","A","2007",329.799,
"LTU","PHARMAEXP","TOT","USD_CAP","A","2008",351.976,
"LTU","PHARMAEXP","TOT","USD_CAP","A","2009",353.404,
"LTU","PHARMAEXP","TOT","USD_CAP","A","2010",366.647,
"LTU","PHARMAEXP","TOT","USD_CAP","A","2011",386.598,
"LTU","PHARMAEXP","TOT","USD_CAP","A","2012",453.814,
"LTU","PHARMAEXP","TOT","USD_CAP","A","2013",468.395,
"LTU","PHARMAEXP","TOT","USD_CAP","A","2014",495.941,
"LTU","PHARMAEXP","TOT","USD_CAP","A","2015",515.108,
"LTU","PHARMAEXP","TOT","USD_CAP","A","2016",570.369,
"LTU","PHARMAEXP","TOT","USD_CAP","A","2017",535.542,
"LTU","PHARMAEXP","TOT","USD_CAP","A","2018",532.565,
"LTU","PHARMAEXP","TOT","USD_CAP","A","2019",612.477,
"BGR","PHARMAEXP","TOT","USD_CAP","A","2003",231.6,
"BGR","PHARMAEXP","TOT","USD_CAP","A","2004",233.442,
"BGR","PHARMAEXP","TOT","USD_CAP","A","2005",243.792,
"BGR","PHARMAEXP","TOT","USD_CAP","A","2006",267.076,
"BGR","PHARMAEXP","TOT","USD_CAP","A","2007",275.577,
"BGR","PHARMAEXP","TOT","USD_CAP","A","2008",308.209,
"BGR","PHARMAEXP","TOT","USD_CAP","A","2012",474.181,
"BGR","PHARMAEXP","TOT","USD_CAP","A","2013",432.714,"B"
"BGR","PHARMAEXP","TOT","USD_CAP","A","2014",491.214,
"BGR","PHARMAEXP","TOT","USD_CAP","A","2015",516.436,
"BGR","PHARMAEXP","TOT","USD_CAP","A","2016",587.206,
"BGR","PHARMAEXP","TOT","USD_CAP","A","2017",625.799,
"BGR","PHARMAEXP","TOT","USD_CAP","A","2018",631.723,
"BGR","PHARMAEXP","TOT","USD_CAP","A","2019",632.878,
"HRV","PHARMAEXP","TOT","USD_CAP","A","2011",449.422,"B"
"HRV","PHARMAEXP","TOT","USD_CAP","A","2012",465.814,
"HRV","PHARMAEXP","TOT","USD_CAP","A","2013",349.073,"B"
"HRV","PHARMAEXP","TOT","USD_CAP","A","2014",318.187,
"HRV","PHARMAEXP","TOT","USD_CAP","A","2015",320.895,
"HRV","PHARMAEXP","TOT","USD_CAP","A","2016",362.973,
"HRV","PHARMAEXP","TOT","USD_CAP","A","2017",380.545,
"HRV","PHARMAEXP","TOT","USD_CAP","A","2018",389.786,
"HRV","PHARMAEXP","TOT","USD_CAP","A","2019",407.663,
"CYP","PHARMAEXP","TOT","USD_CAP","A","2003",312.821,
"CYP","PHARMAEXP","TOT","USD_CAP","A","2004",316.274,
"CYP","PHARMAEXP","TOT","USD_CAP","A","2005",325.95,
"CYP","PHARMAEXP","TOT","USD_CAP","A","2006",333.488,
"CYP","PHARMAEXP","TOT","USD_CAP","A","2007",360.436,
"CYP","PHARMAEXP","TOT","USD_CAP","A","2008",379.077,
"CYP","PHARMAEXP","TOT","USD_CAP","A","2009",369.715,
"CYP","PHARMAEXP","TOT","USD_CAP","A","2010",333.682,
"CYP","PHARMAEXP","TOT","USD_CAP","A","2011",322.564,
"CYP","PHARMAEXP","TOT","USD_CAP","A","2012",320.283,
"CYP","PHARMAEXP","TOT","USD_CAP","A","2013",331.247,
"CYP","PHARMAEXP","TOT","USD_CAP","A","2014",340.102,
"CYP","PHARMAEXP","TOT","USD_CAP","A","2015",380.214,
"CYP","PHARMAEXP","TOT","USD_CAP","A","2016",421.987,
"CYP","PHARMAEXP","TOT","USD_CAP","A","2017",432.477,
"CYP","PHARMAEXP","TOT","USD_CAP","A","2018",467.61,
"CYP","PHARMAEXP","TOT","USD_CAP","A","2019",433.294,
"ROU","PHARMAEXP","TOT","USD_CAP","A","2003",89.698,
"ROU","PHARMAEXP","TOT","USD_CAP","A","2004",142.562,
"ROU","PHARMAEXP","TOT","USD_CAP","A","2005",153.446,
"ROU","PHARMAEXP","TOT","USD_CAP","A","2006",161.574,
"ROU","PHARMAEXP","TOT","USD_CAP","A","2007",181.682,
"ROU","PHARMAEXP","TOT","USD_CAP","A","2008",215.626,
"ROU","PHARMAEXP","TOT","USD_CAP","A","2009",209.497,
"ROU","PHARMAEXP","TOT","USD_CAP","A","2010",242.256,
"ROU","PHARMAEXP","TOT","USD_CAP","A","2011",320.395,"B"
"ROU","PHARMAEXP","TOT","USD_CAP","A","2012",323.815,
"ROU","PHARMAEXP","TOT","USD_CAP","A","2013",406.055,
"ROU","PHARMAEXP","TOT","USD_CAP","A","2014",369.803,
"ROU","PHARMAEXP","TOT","USD_CAP","A","2015",363.503,
"ROU","PHARMAEXP","TOT","USD_CAP","A","2016",388.742,
"ROU","PHARMAEXP","TOT","USD_CAP","A","2017",367.124,
"ROU","PHARMAEXP","TOT","USD_CAP","A","2018",410.721,
"ROU","PHARMAEXP","TOT","USD_CAP","A","2019",488.395,
"RUS","PHARMAEXP","TOT","USD_CAP","A","2014",350.593,"B"
"RUS","PHARMAEXP","TOT","USD_CAP","A","2015",266.527,
"RUS","PHARMAEXP","TOT","USD_CAP","A","2016",275.042,
"RUS","PHARMAEXP","TOT","USD_CAP","A","2017",298.231,
"RUS","PHARMAEXP","TOT","USD_CAP","A","2018",311.454,
"RUS","PHARMAEXP","TOT","USD_CAP","A","2019",370.886,
"CRI","PHARMAEXP","TOT","USD_CAP","A","2011",175.759,
"CRI","PHARMAEXP","TOT","USD_CAP","A","2012",175.023,
"CRI","PHARMAEXP","TOT","USD_CAP","A","2013",167.223,
"CRI","PHARMAEXP","TOT","USD_CAP","A","2014",193.603,
"CRI","PHARMAEXP","TOT","USD_CAP","A","2015",201.037,
"CRI","PHARMAEXP","TOT","USD_CAP","A","2016",192.399,
"CRI","PHARMAEXP","TOT","USD_CAP","A","2017",234.518,
"CRI","PHARMAEXP","TOT","USD_CAP","A","2018",145.522,
"CRI","PHARMAEXP","TOT","USD_CAP","A","2019",145.204,
"MLT","PHARMAEXP","TOT","USD_CAP","A","2014",516.201,"B"
"MLT","PHARMAEXP","TOT","USD_CAP","A","2015",575.785,
"MLT","PHARMAEXP","TOT","USD_CAP","A","2016",570.587,
"MLT","PHARMAEXP","TOT","USD_CAP","A","2017",622.203,
"MLT","PHARMAEXP","TOT","USD_CAP","A","2018",641.871,
"COL","PHARMAEXP","TOT","USD_CAP","A","2013",144.302,
"COL","PHARMAEXP","TOT","USD_CAP","A","2014",154.548,
"COL","PHARMAEXP","TOT","USD_CAP","A","2015",159.429,
"COL","PHARMAEXP","TOT","USD_CAP","A","2016",171.109,
"COL","PHARMAEXP","TOT","USD_CAP","A","2017",177.532,
"BRA","PHARMAEXP","TOT","USD_CAP","A","2015",248.338,
"BRA","PHARMAEXP","TOT","USD_CAP","A","2016",244.67,
"BRA","PHARMAEXP","TOT","USD_CAP","A","2017",250.063,
"BRA","PHARMAEXP","TOT","USD_CAP","A","2018",264.768,
"BRA","PHARMAEXP","TOT","USD_CAP","A","2019",275.774,
